0,베이비 네이처 매지컬 인 샤워 에센스 오일,A24(에이이십사),오일,,,
1,베이비 네이처 에브리데이 모이스처라이징 로션,A24(에이이십사),로션,,,
2,베이비 네이처 탑투토 버블 워시,A24(에이이십사),워시,,,
3,Baby Cow organics milky body lotion,카우쉐드(COWSHED),로션,,,
4,내추럴 베이비 징크 선 스크린,CPN(캘리포니아퓨어내추럴),선케어,,,
5,"베이비 젠틀 포밍 클렌저 for 헤어,바디",CPN(캘리포니아퓨어내추럴),워시,,,
6,오가닉 베이비 수딩 알로에 하이드레이터,CPN(캘리포니아퓨어내추럴),로션,,,
7,오가닉 베이비 크리미 밤,CPN(캘리포니아퓨어내추럴),크림,,,
8,Everyone Baby Calendula+Oat Lotion,EO(이오프로덕트),로션,,,
9,에브리 원 솝 포 에브리 키즈[오렌지스퀴즈],EO(이오프로덕트),워시,,,
10,베이비 인 더 가든 T케어크림,G.hands(지핸즈),크림,,,
11,베이비 인 더 가든 보습오일,G.hands(지핸즈),오일,,,
12,Kids Goat Bamboo Wipes,GOAT(더고트스킨케어),물티슈,,,
13,마미 투 비 럭셔리웅스 퍼밍 바디 오일,IWLT(아이더블유엘티),오일,,,
14,에코 물티슈,LG생활건강(엘지생활건강),물티슈,,,
15,베이비 모이스처라이징 크림,QV(큐브이),크림,,,
16,퓨어 베이비 마일드 로션,SNP(에스엔피),로션,,,
17,퓨어 베이비 마일드 샴푸&워시,SNP(에스엔피),워시,,,
18,퓨어 베이비 마일드 크림,SNP(에스엔피),크림,,,
19,베이비 로션,VT(브이티),로션,,,
20,베이비 바스&샴푸,VT(브이티),워시,,,
21,베이비 선크림,VT(브이티),선케어,,,
22,베이비 수딩젤,VT(브이티),크림,,,
23,베이비 크림,VT(브이티),크림,,,
24,베이비 페이스 앤 바디 로션,ddung(뚱),로션,,,
25,케어 로션,가이아기(GAIAGI),로션,,,
26,바스 앤 바디 워시,가이아내추럴베이비(GAIAnaturalbaby),워시,,,
27,갓식스 오가닉 마사지 오일,간나나기(GANNANAGI),오일,,,
28,내추럴 S.O.S 수딩 젤,간나나기(GANNANAGI),크림,,,
29,내추럴 헤어&바디워시,간나나기(GANNANAGI),워시,,,
30,스킨티슈 엠보싱 물티슈,간나나기(GANNANAGI),물티슈,,,
31,올케어 데일리 로션,간나나기(GANNANAGI),로션,,,
32,올케어 리커버 크림,간나나기(GANNANAGI),크림,,,
33,그린스 앤 지글스 베이비 로션[라벤더향],거버(Gerber),로션,,,
34,그린스 앤 지글스 베이비 로션(오트밀향),거버(Gerber),로션,,,
35,고사리손 베이비 바디워시,고사리숲(GOSARI.F),워시,,,
36,유아용 촉촉 립 밤,고사리숲(GOSARI.F),립케어,,,
37,얼티메이트 힐링 스킨 테라피 로션,골드본드(GOLDBOND),로션,,,
38,물티슈[스위트],곰돌이(Gomdoli),물티슈,,,
39,블랙라벨 물티슈,곰돌이(Gomdoli),물티슈,,,
40,바세린 베이비 알로에 수딩젤,과일나라(KWAILNARA),크림,,,
41,바세린 울트라 모이스처 베이비 로션,과일나라(KWAILNARA),로션,,,
42,바세린 울트라 모이스처 베이비 바쓰&샴푸,과일나라(KWAILNARA),워시,,,
43,바세린 울트라 모이스처 베이비 크림,과일나라(KWAILNARA),크림,,,
44,베이비 로션,굿센스(GOODSENSE),로션,,,
45,베이비 배스,굿센스(GOODSENSE),워시,,,
46,다이애퍼 프로 크림,궁중비책(GOONGBE),크림,,,
47,데일리 엠보싱 물티슈,궁중비책(GOONGBE),물티슈,,,
48,마일드 클렌징 티슈,궁중비책(GOONGBE),물티슈,,,
49,모이스처 로션,궁중비책(GOONGBE),로션,,,
50,모이스처 스틱 밤,궁중비책(GOONGBE),크림,,,
51,모이스처 크림,궁중비책(GOONGBE),크림,,,
52,바디 워시,궁중비책(GOONGBE),워시,,,
53,밸런싱 로션,궁중비책(GOONGBE),로션,,,
54,밸런싱 크림,궁중비책(GOONGBE),크림,,,
55,샴푸&바스,궁중비책(GOONGBE),워시,,,
56,수딩 파우더,궁중비책(GOONGBE),파우더,,,
57,수딩 플루이드,궁중비책(GOONGBE),로션,,,
58,스티커 수딩팩,궁중비책(GOONGBE),기타화장품,,,
59,워터 젤 로션,궁중비책(GOONGBE),로션,,,
60,카밍 바스 파우더,궁중비책(GOONGBE),워시,,,
61,크리미 선 쿠션,궁중비책(GOONGBE),선케어,,,
62,크리미 솝,궁중비책(GOONGBE),워시,,,
63,크리미 오일,궁중비책(GOONGBE),오일,,,
64,토닥토닥 선터치,궁중비책(GOONGBE),선케어,,,
65,페이스 로션,궁중비책(GOONGBE),로션,,,
66,퓨어 선크림,궁중비책(GOONGBE),선케어,,,
67,프레시 선 스틱,궁중비책(GOONGBE),선케어,,,
68,프리미엄 소프트 물티슈,궁중비책(GOONGBE),물티슈,,,
69,프리미엄 손 & 얼굴 물티슈,궁중비책(GOONGBE),물티슈,,,
70,플레이 선 로션,궁중비책(GOONGBE),선케어,,,
71,헤어 샴푸,궁중비책(GOONGBE),헤어케어,,,
72,세이프 왁스,그라펜(GRAFEN),헤어케어,,,
73,내추럴 키즈 크림,그라함스(Grahams),로션,,,
74,내츄럴 키즈 바디 앤 베스 오일,그라함스(Grahams),워시,,,
75,티어 프리 젠틀 베이비 워시,그랜마엘스(GRANDMAEL'S),워시,,,
76,모이스처라이징 베이비 로션,그린베이비(greenbaby),로션,,,
77,내추럴 수딩 젤 로션,그린핑거(GREENFINGER),로션,,,
78,네이처메이드 베이비 로션,그린핑거(GREENFINGER),로션,,,
79,네이처메이드 베이비 크림,그린핑거(GREENFINGER),크림,,,
80,네이처메이드 샴푸 앤 워시,그린핑거(GREENFINGER),워시,,,
81,네이처메이드 소프트 터치 파우더,그린핑거(GREENFINGER),파우더,,,
82,마이 키즈 보이 로션,그린핑거(GREENFINGER),로션,,,
83,마이 키즈 보이 샴푸,그린핑거(GREENFINGER),헤어케어,,,
84,마이 키즈 인텐시브 케어 바스,그린핑거(GREENFINGER),워시,,,
85,마이 키즈 키즈 거품 샴푸,그린핑거(GREENFINGER),헤어케어,,,
86,마이 키즈 키즈 거품 워시,그린핑거(GREENFINGER),워시,,,
87,마이 키즈 키즈 로션,그린핑거(GREENFINGER),로션,,,
88,마이 키즈 키즈 얼굴 로션,그린핑거(GREENFINGER),로션,,,
89,마이 키즈 키즈 워시[후레쉬],그린핑거(GREENFINGER),워시,,,
90,마이 키즈 키즈 워시,그린핑거(GREENFINGER),워시,,,
91,마이 키즈 키즈 컨디셔닝 린스,그린핑거(GREENFINGER),헤어케어,,,
92,마이 키즈 키즈 페이셜 솝,그린핑거(GREENFINGER),워시,,,
93,마이 키즈 키즈샴푸,그린핑거(GREENFINGER),헤어케어,,,
94,말랑말랑 프레쉬 선젤(2),그린핑거(GREENFINGER),선케어,,,
95,미네랄 선로션,그린핑거(GREENFINGER),선케어,,,
96,베베 드 포레 로션,그린핑거(GREENFINGER),로션,,,
97,베베 드 포레 훼이셜 로션,그린핑거(GREENFINGER),로션,,,
98,베이비 세라마이드 로션,그린핑거(GREENFINGER),로션,,,
99,베이비 세라마이드 수딩 젤 로션,그린핑거(GREENFINGER),크림,,,
100,베이비 세라마이드 크림,그린핑거(GREENFINGER),크림,,,
101,베이비 세라마이드 탑투토워시,그린핑거(GREENFINGER),워시,,,
102,순한 아토 세라마이드 로션,그린핑거(GREENFINGER),로션,,,
103,순한 자연보습 아토 바스,그린핑거(GREENFINGER),워시,,,
104,순한 자연보습 아토 크림,그린핑거(GREENFINGER),크림,,,
105,순한자연보습 아토 거품 샴푸,그린핑거(GREENFINGER),헤어케어,,,
106,알로에 썬클린징 티슈,그린핑거(GREENFINGER),워시,,,
107,야외놀이 선크림,그린핑거(GREENFINGER),선케어,,,
108,워셔블 선크림,그린핑거(GREENFINGER),선케어,,,
109,"인텐시브 선 밤[SPF50,PA++++]",그린핑거(GREENFINGER),선케어,,,
110,"인텐시브 선 밤[SPF50,PA++]",그린핑거(GREENFINGER),선케어,,,
111,촉촉 선 팩트,그린핑거(GREENFINGER),선케어,,,
112,촉촉한 자연보습 베이비 거품 워시,그린핑거(GREENFINGER),워시,,,
113,촉촉한 자연보습 베이비 로션,그린핑거(GREENFINGER),로션,,,
114,촉촉한 자연보습 베이비 샴푸,그린핑거(GREENFINGER),헤어케어,,,
115,촉촉한 자연보습 베이비 오일,그린핑거(GREENFINGER),오일,,,
116,촉촉한 자연보습 베이비 워시,그린핑거(GREENFINGER),워시,,,
117,촉촉한 자연보습 베이비 크림,그린핑거(GREENFINGER),크림,,,
118,촉촉한 자연보습 울트라 크림,그린핑거(GREENFINGER),크림,,,
119,촉촉한 자연보습 퓨어 클렌징 워터,그린핑거(GREENFINGER),워시,,,
120,쿨링 선 미스트,그린핑거(GREENFINGER),선케어,,,
121,훼이셜 선,그린핑거(GREENFINGER),선케어,,,
122,힘센 보습 보들보들 울트라 워시,그린핑거(GREENFINGER),워시,,,
123,힘센 보습 울트라 로션,그린핑거(GREENFINGER),로션,,,
124,힘센 보습 울트라 샴푸,그린핑거(GREENFINGER),워시,,,
125,로션&크림,김명희베이비스킨레시피(Kimmyungheebabyskinrecipe),로션,,,
126,샴푸&워시,김명희베이비스킨레시피(KimMyungHeeBabySkinRecipe),워시,,,
127,파우더&크림,김명희베이비스킨레시피(KimMyungHeeBabySkinRecipe),크림,,,
128,베이비 큐어 로션,김정문알로에(KIMJEONGMOONALOE),로션,,,
129,베이비 모이스춰라이징 크림,까띠에(CATTIER),크림,,,
130,베이비 클렌징 젤,까띠에(CATTIER),워시,,,
131,베이비 클렌징 폼,까띠에(CATTIER),워시,,,
132,베이직 물티슈,까르몽(Kkareumong),물티슈,,,
133,다이퍼래시 크림 (기저귀크림),까리두(CALIDOU),크림,,,
134,비타민나이즈드 바디 오일,까리두(CALIDOU),오일,,,
135,샴푸,까리두(CALIDOU),헤어케어,,,
136,클렌징 미스트,까리두(CALIDOU),워시,,,
137,네이처 물티슈,깨끗한나라(Kleannara),물티슈,,,
138,룰리 유아용 물티슈,깨끗한나라(Kleannara),물티슈,,,
139,비야비야 베이직 물티슈,깨끗한나라(Kleannara),물티슈,,,
140,비야비야 오리지널 물티슈,깨끗한나라(Kleannara),물티슈,,,
141,베이비 로션,꼬메뷰바(COMEBUVA),로션,,,
142,베이비 바스&샴푸,고메뷰바(COMEBUVA),워시,,,
143,베이비 아토 크림,꼬메뷰바(COMEBUVA),크림,,,
144,울트라 로션,꼬미쏘엔(COMISOEN),로션,,,
145,울트라 수딩젤,꼬미쏘엔(COMISOEN),크림,,,
146,울트라 크림,꼬미쏘엔(COMISOEN),크림,,,
147,베이비 버블바쓰,꾸지올로(CUCCIOLO),워시,,,
148,베이비 샴푸,꾸찌올로(CUCCIOLO),헤어케어,,,
149,스페셜 물티슈(2세대),꿈토리(Ggoomtory),물티슈,,,
150,베이비 마일드 바스 앤 샴푸,끌레앙쥬(CLEANGE),워시,,,
151,베이비 모이스처 로션,끌레앙쥬(CLEANGE),로션,,,
152,베이비 케어 크림,끌레앙쥬(CLEANGE),크림,,,
153,베이비 파우더 크림,끌레앙쥬(CLEANGE),크림,,,
154,베이비 하이드로 세럼,끌레앙쥬(CLEANGE),로션,,,
155,모이스처라이져 겔,끌로드엠(Craudem),크림,,,
156,베이비 에센스,나노네이처(NANONATURE),로션,,,
157,베이비 오일,나노네이처(NANONATURE),오일,,,
158,베이비 헤어&바디워시,나노네이처(NANONATURE),워시,,,
159,라벤더 클린 미스트,나노닥터플러스(nanodr+),기타화장품,,,
160,물티슈,나노닥터플러스(nanodr+),물티슈,,,
161,베이비 로션,나노닥터플러스(nanodr+),로션,,,
162,오가닉 모이스트 오일,나노닥터플러스(nanodr+),오일,,,
163,모이스처 버블 솝,나딸(Natale),워시,,,
164,모이스처 크림,나딸(Natale),크림,,,
165,포 키즈 모이스처 선크림,나딸(Natale),선케어,,,
166,꾸지올로 베이비 다이아퍼 래쉬 크림,나뚜라하우스(NATURAHOUSE),크림,,,
167,꾸지올로 베이비 바디 앤 페이스 밀크,나뚜라하우스(NATURAHOUSE),로션,,,
168,베이비 마르세유 비누[라벤더향],나띵프로젝트(NAHTHINGPROJECT),워시,,,
169,베이비 마르세유 비누[만다린향],나띵프로젝트(NAHTHINGPROJECT),워시,,,
170,올인원 베이비 로션[베르가못],나띵프로젝트(NATHINGPROJECT),로션,,,
171,올인원 베이비 워시[라벤더향],나띵프로젝트(NAHTHINGPROJECT),워시,,,
172,올인원 베이비 워시[만다린향],나띵프로젝트(NAHTHINGPROJECT),워시,,,
173,올인원 키즈 로션,나라마(narama),로션,,,
174,올인원 키즈 썬스크린,나라마(narama),선케어,,,
175,올인원 키즈 오일,나라마(narama),오일,,,
176,올일원 키즈 워시,나라마(narama),워시,,,
177,릴렉싱 바디 오일,나오베이(NAOBAY),오일,,,
178,너처링 크림,나이프(NAIF),크림,,,
179,소프트닝 바디로션,나이프(NAIF),로션,,,
180,그린더마 마일드 키즈 선쿠션,네이처리퍼블릭(NATUREREPUBLIC),선케어,,,
181,러브 유 베이비 선쿠션,네이처리퍼블릭(NATUREREPUBLIC),선케어,,,
182,유브이락 플라워 키즈 & 주니어 선크림,네이처리퍼블릭(NATUREREPUBLIC),선케어,,,
183,순수자연유래 멀티밤,네이처벨르(NatureBelle),크림,,,
184,순수자연유래 소프트 파우더 로션,네이처벨르(NatureBelle),로션,,,
185,순수자연유래 썬크림,네이처벨르(NatureBelle),선케어,,,
186,순수자연유래 페이스&바디 로션,네이처벨르(NatureBelle),로션,,,
187,순수자연유래 헤어&바디 클렌저,네이처벨르(NatureBelle),워시,,,
188,네이처 베이비 베이비 샴푸 앤 워시,네이처스게이트(Nature'sGate),워시,,,
189,베이비 로션,네이쳐러브메레(NATURELOVEMERE),로션,,,
190,베이비 바스&샴푸,네이처러브메레(NATURELOVEMERE),워시,,,
191,베이비 오일,네이쳐러브메레(NATURELOVEMERE),오일,,,
192,파인 물티슈,네이쳐러브메레(NATURELOVEMERE),물티슈,,,
193,프리미 물티슈,네이쳐러브메레(NATURELOVEMERE),물티슈,,,
194,버블 바스 러블리라벤더,네이쳐스베이비오가닉스(Nature'sBabyORGANICS),기타화장품,,,
195,핑크라벨 물티슈[리필용],네추럴블라썸(NATURALBLOSSOM),물티슈,,,
196,핑크라벨 물티슈[캡형],네추럴블라썸(NATURALBLOSSOM),물티슈,,,
197,베이직 엠보싱 물티슈,네츄럴오가닉(naturalorganic),물티슈,,,
198,베이직 플레인 물티슈,네츄럴오가닉(naturalorganic),물티슈,,,
199,오리지널 엠보싱 물티슈,네츄럴오가닉(naturalorganic),물티슈,,,
200,오리지널 플레인 물티슈,네츄럴오가닉(naturalorganic),물티슈,,,
201,프리미엄 엠보싱 물티슈,네츄럴오가닉(naturalorganic),물티슈,,,
202,프리미엄 플레인 물티슈,네츄럴오가닉(naturalorganic),물티슈,,,
203,키즈 바디 로션,네츄레메디(naturemedy),로션,,,
204,키즈 샴푸 앤 워시,네츄레메디(naturemedy),워시,,,
205,키즈 수딩 스틱 밤,네츄레메디(naturemedy),크림,,,
206,키즈 코프레쉬 밤,네츄레메디(naturemedy),기타화장품,,,
207,베이비 마사지 오일,넬리티어(NELLIETIER),오일,,,
208,베이비 모이스춰라이징 로션,넬리티어(NELLIETIER),로션,,,
209,베이비 바스 앤 샴푸,넬리티어(NELLIETIER),워시,,,
210,베이비 바텀밤,넬리티어(NELLIETIER),크림,,,
211,베이비 수딩젤 로션,넬리티어(NELLIETIER),로션,,,
212,베이비 로션 물티슈,넬켄(NOLKEN),물티슈,,,
213,베이비 샴푸,넬켄(NOLKEN),헤어케어,,,
214,프리미엄 물티슈,넬피오레(NELFIORE),물티슈,,,
215,베이비 립크림 딸기향,녹십자(GREENCROSS),립케어,,,
216,베이비 립크림 멜론향,녹십자(GREENCROSS),립케어,,,
217,베이비 립크림 바나나향,녹십자(GREENCROSS),립케어,,,
218,베이비 립크림 포도향,녹십자(GREENCROSS),립케어,,,
219,카모마일 윌로우 베이비샴푸,놀리앤날리(Noli&Nali),헤어케어,,,
220,포레스토 포션 베이비로션,놀리앤날리(Noli&Nali),로션,,,
221,뉴본2in1,누들앤부(Noodle&Boo),워시,,,
222,러블리 바디 로션,누들앤부(Noodle&Boo),로션,,,
223,바운싱 베이비 버블스,누들앤부(Noodle&Boo),워시,,,
224,베이비밤,누들앤부(Noodle&Boo),크림,,,
225,수딩 바디 워시,누들앤부(Noodel&Boo),워시,,,
226,슈퍼 소프트 로션,누들앤부(Noodle&Boo),로션,,,
227,얼티밋 오인트먼트,누들앤부(Noodle&Boo),크림,,,
228,엑스트라 젠틀 샴푸,누들앤부(Noodle&Boo),헤어케어,,,
229,컨디셔닝 헤어 폴리시,누들앤부(Noodle&Boo),헤어케어,,,
230,플레이데이 브로드 스펙트럼 썬스크린,누들앤부(Noodle&Boo),선케어,,,
231,ATO DNA 바스 앤 샴푸,누클레오(NUCLEO),워시,,,
232,ATO DNA 수딩소프트너,누클레오(NUCLEO),로션,,,
233,ATO DNA 워시 앤 샴푸,누클레오(NUCLEO),워시,,,
234,ATO DNA 파워 로션,누클레오(NUCLEO),로션,,,
235,ATO DNA 파워크림,누클레오(NUCLEO),크림,,,
236,에포크 베이비 헤어 앤 바디 워시,뉴스킨(NUSKIN),워시,,,
237,베이비 선 크림,니베아(NIVEA),선케어,,,
238,선 키즈 스윔 앤 플레이 선블록,니베아(NIVEA),선케어,,,
239,키즈 퓨어 앤 센서티브 선 로션,니베아(NIVEA),선케어,,,
240,유아용 물티슈,다끌레(DACLE),물티슈,,,
241,여아용 물티슈,다솜(Dasom),물티슈,,,
242,키즈 코코넛 소프트 왁스,다슈(DASHU),헤어케어,,,
243,키즈 코코넛 하드 왁스,다슈(DASHU),헤어케어,,,
244,아토 로션,닥터드벨로(Dr.DEVEOP+),로션,,,
245,베이비 워시&샴푸,닥터딥(Dr.Deep),워시,,,
246,베이비 로션,닥터딥(Dr.Deep),로션,,,
247,수딩케어 물티슈,닥터마밍(Dr.momming),물티슈,,,
248,닥터모두(Dr.Modoo),베이비 굿나잇 젤리 바[라벤더],워시,,,
249,닥터모두(Dr.Modoo),베이비 굿나잇 젤리 바[스윗오렌지],워시,,,
250,베이비 카밍 미스트,닥터모두(Dr.Modoo),기타화장품,,,
251,봉떼 착한 선크림,닥터베이직랩(DR.BASICLAB),선케어,,,
252,데일리 다이애퍼 크림,닥터브라운(DrBrown),크림,,,
253,포밍 베이비 워시,닥터브라운(DrBrown),워시,,,
254,베이비 마일드 오가닉 립 밤,닥터브로너스(DR.BRONNER'S),립케어,,,
255,베이비 언센티드 슈가 솝,닥터브로너스(DR.BRONNER'S),워시,,,
256,베이비 언센티드 퓨어 캐스틸 솝,닥터브로너스(DR.BRONNER'S),워시,,,
257,베이비 오가닉 매직밤,닥터브로너스(DR.BRONNER'S),크림,,,
258,리얼 모이스춰 로션,닥터아토(Dr.ato),로션,,,
259,리얼 소프트 다이애퍼 크림,닥터아토(Dr.ato),크림,,,
260,리얼 소프트 크리미 마사지 오일,닥터아토(Dr.ato),크림,,,
261,리얼 소프트 크림,닥터아토(Dr.ato),크림,,,
262,리얼 소프트 포밍 바스,닥터아토(Dr.ato),워시,,,
263,리얼 소프트 포밍 샴푸,닥터아토(Dr.ato),헤어케어,,,
264,마일드 클렌저,닥터아토(Dr.ato),워시,,,
265,에센셜 모이스춰 로션,닥터아토(Dr.ato),로션,,,
266,에센셜 모이스춰 샴푸,닥터아토(Dr.ato),헤어케어,,,
267,에센셜 모이스춰 워시,닥터아토(Dr.ato),워시,,,
268,에센셜 모이스춰 크리미오일,닥터아토(Dr.ato),오일,,,
269,에센셜 모이스춰 크림,닥터아토(Dr.ato),크림,,,
270,워셔블 선 크림,닥터아토(Dr.ato),선케어,,,
271,제로 플러스 베이비 로션,닥터아토(Dr.ato),로션,,,
272,제로 플러스 베이비 오일,닥터아토(Dr.ato),오일,,,
273,제로 플러스 베이비 콤팩트 파우더,닥터아토(Dr.ato),파우더,,,
274,제로 플러스 베이비 크림,닥터아토(Dr.ato),크림,,,
275,제로 플러스 베이비 헤드투토 워시,닥터아토(Dr.ato),워시,,,
276,우리아기 모이스춰 크림,닥터헤디슨(Dr.HEDISON),크림,,,
277,우리아기 카밍 로션,닥터헤디슨(Dr.HEDISON),로션,,,
278,우리아기 헤어&바디워시,닥터헤디슨(Dr.HEDISON),워시,,,
279,베이비 케어 크림,닥터호미니젠(Dr.HOMINIZEN),크림,,,
280,러블리 베이직 물티슈,달곰이(dalgomi),물티슈,,,
281,달곰이 아기 물티슈 패밀리 엠보싱,달곰이(dalgomi),물티슈,,,
282,시어버터 아기물티슈,대디베이비(DaddyBaby),물티슈,,,
283,대디 아토 크림,대디프로젝트(DADDYPROJECT),크림,,,
284,대디 터치 로션,대디프로젝트(DADDYPROJECT),로션,,,
285,네추럴 케어 네추럴 바디 로션 포 베이비,대자인(Design),로션,,,
286,바스 앤 샴푸 베이비워시,더그로브(thegrove),워시,,,
287,버드 모이스쳐 로션,더그로브(thegrove),로션,,,
288,자운세자 자운고 베이비 크림,더마키즈(DERMAKIES),크림,,,
289,베이비 로션,더블하트(DoubleHeart),로션,,,
290,베이비 크리미 오일,더블하트(DoubleHeart),크림,,,
291,베이비 포밍 워시,더블하트(DoubleHeart),워시,,,
292,에코 어스 파워 마일드 키즈 선크림,더샘(theSAEM),선케어,,,
293,오 마이 베베 베이비 로션,더 샘(theSAEM),로션,,,
294,오 마이 베베 베이비 샴푸 앤 워시,더샘(theSAEM),워시,,,
295,오 마이 베베 베이비 크림,더샘(theSAEM),크림,,,
296,퓨어블루 물티슈,더수(THESU),물티슈,,,
297,핑크 물티슈,더수(THESU),물티슈,,,
298,자연담은 베이비 로션,더순수(Thesoonsoo),로션,,,
299,자연담은 베이비 크림,더순수(Thesoonsoo),크림,,,
300,내추럴 선  AQ 베이비 마일드 선로션[SPF30],더페이스샵(THEFACESHOP),선케어,,,
301,내추럴 선 에코 베이비 마일드 선 쿠션[SPF28](어피치에디션),더페이스샵(THEFACESHOP),선케어,,,
302,내추럴 선 에코 베이비 마일드 선 쿠션[SPF28](카카오프렌즈에디션),더페이스샵(THEFACESHOP),선케어,,,
303,내추럴 선 에코 베이비 마일드 선 쿠션[SPF28](트롤에디션),더페이스샵(THEFACESHOP),선케어,,,
304,내추럴 선 에코 베이비 마일드 선[SPF30](더심슨가족에디션),더페이스샵(THEFACESHOP),선케어,,,
305,내추럴 선 에코 베이비 마일드 선[SPF30](카카오프렌즈에디션),더페이스샵(THEFACESHOP),선케어,,,
306,내추럴 선 에코 베이비 마일드 선,더페이스샵(THEFACESHOP),선케어,,,
307,내추럴 선 에코 베이비 선 쿠션[SPF34],더페이스샵(THEFACESHOP),선케어,,,
308,내추럴선 에코 베이비 선쿠션[SPF34](미니마우스){디즈니),더페이스샵(THEFACESHOP),선케어,,,
309,닥터벨머 베이비앤키즈 마일드 모이스처라이저,더페이스샵(THEFACESHOP),로션,,,
310,리틀 라이언 닥터벨머 베이비앤키즈 마일드 모이스처라이저(카카오프렌즈에디션),더페이스샵(THEFACESHOP),로션,,,
311,리틀라이언 닥터벨머 베이비앤키즈 마일드 워시,더페이스샵(THEFACESHOP),워시,,,
312,밀크 플러스 마일드 베이비 포밍 워시,더페이스샵(THEFACESHOP),워시,,,
313,더 진한 힐링 크림,더퓨어(THEPURE),크림,,,
314,베이비 힐링 로션,더퓨어(THEPURE),로션,,,
315,베이비 힐링 바디&헤어 워시,더퓨어(THEPURE),워시,,,
316,베이비 힐링 크림,더퓨어(THEPURE),크림,,,
317,아임 키즈 레포츠 선 스프레이[SPF50](신형),더퓨어(THEPURE),선케어,,,
318,아임 키즈 마이크로 버블 선 무스,더퓨어(THEPURE),선케어,,,
319,아임 키즈 보들보들 워시,더퓨어(THEPURE),워시,,,
320,아임 키즈 부드러운 샴푸,더퓨어(THEPURE),헤어케어,,,
321,아임 키즈 워터프루프 물놀이 선크림,더퓨어(THEPURE),선케어,,,
322,페이스 앤 바디 선 크레용[블루],더퓨어(THEPURE),선케어,,,
323,페이스 앤 바디 선 크레용[옐로우],더퓨어(THEPURE),선케어,,,
324,페이스 앤 바디 선 크레용[핑크],더퓨어(THEPURE),선케어,,,
325,페이스 앤 바디 선 크레용[화이트],더퓨어(THEPURE),선케어,,,
326,현스크림,더플랜트베이스(theplantvase),크림,,,
327,HA 페이스 앤 바디 크림,데메테르(DEMETER),크림,,,
328,라임&브라운 베이비 버블 바스,데이셀(DAYCELL),워시,,,
329,라임 & 브라운 베이비 선 가드,데이셀(DAYCELL),선케어,,,
330,라임&브라운 베이비 클렌징 티슈,데이셀(DAYCELL),워시,,,
331,라임&브라운 베이비&맘 립밤 건민감성피부용,데이셀(DAYCELL),립케어,,,
332,라임&브라운 베이비&맘 립밤 극건성피부용,데이셀(DAYCELL),립케어,,,
333,라임앤브라운 우리아이 키즈 마스크팩,데이셀(DAYCELL),기타화장품,,,
334,프린세스 핑크 키즈 마스크팩,데이셀(DAYCELL),기타화장품,,,
335,물티슈,데일리케어(DailyCare),물티슈,,,
336,프리미엄 물티슈,데일리케어(DailyCare),물티슈,,,
337,마이 스위티 파이 베이비로션,데저트에센스(DESERTESSENCE),로션,,,
338,안티 이칭 로션,도담비(dodamB),로션,,,
339,안티 이칭 크림,도담비(dodamB),크림,,,
340,물티슈,도담이(Dodami),물티슈,,,
341,프리미엄 물티슈,도담이(Dodami),물티슈,,,
342,베이비 바디워시 앤 샴푸,도디네트(DODINETTE),워시,,,
343,베이비 퓨어 멀티 로션,도디네트(DODINETTE),로션,,,
344,페어리 밤,도디네트(DODINETTE),크림,,,
345,베이비 물티슈,도리도리(Doridori),물티슈,,,
346,베이직 라이트 물티슈,도리도리(Doridori),물티슈,,,
347,퓨어 물티슈,도리도리(Doridori),물티슈,,,
348,베이비 바,도브(Dove),워시,,,
349,보글보글 버블베스[레몬시트러스],돌핀오가닉(dolphinorganics),워시,,,
350,우리 아기 바디&얼굴 로션[라벤더],돌핀오가닉(dolphinorganics),로션,,,
351,촉촉한 바디 워시&샴푸[레몬시트러스],돌핀오가닉(dolphinorganics),워시,,,
352,베이직 물티슈,두리앙(DouxLiens),물티슈,,,
353,바디 워시&샴푸,두스나뚜르베베(DouceNatureBebe),워시,,,
354,엉덩이세정제,두스나뚜르베베(DouceNatureBebe),워시,,,
355,클렌징로션,두스나뚜르베베(DouceNatureBebe),워시,,,
356,키즈 샴푸 (살구),둘곤(dulgon),헤어케어,,,
357,베이직 물티슈,듀듀(DewDew),물티슈,,,
358,프리미엄 물티슈,듀듀(DewDew),물티슈,,,
359,ph6.9 키즈 퓨어&세이프 이지 클렌저,듀이트리(DEWYTREE),워시,,,
360,코코마일드 베이비 로션,튜이트리(DEWYTREE),로션,,,
361,코코마일드 베이비 크림,듀이트리(DEWYTREE),크림,,,
362,코코마일드 베이비 포밍 워시,듀이트리(DEWYTREE),워시,,,
363,시그니처 아기 물티슈,드라마(DeRAMA),물티슈,,,
364,쿵푸팬더 순박한 선 쿠션,드림웍스(DREAMWORKS),선케어,,,
365,베이비 인텐시브 케어,디아랑쉬(DeARANCHY),로션,,,
366,베이비 오일,디알제이퓨어오가닉(DRJPureOrganic),오일,,,
367,다이애퍼 크림 (기저귀크림),디앤토(De&TO),크림,,,
368,보타닉 로션,디앤토(De&TO),로션,,,
369,보타닉 크림,디앤토(De&TO),크림,,,
370,인텐시브 로션,디어로렌(DEARLAUREN),로션,,,
371,인텐시브 바스&샴푸,디어로렌(DEARLAUREN),워시,,,
372,인텐시브 솔루션,디어로렌(DEARLAUREN),기타화장품,,,
373,크림,디어로렌(DEARLAUREN),크림,,,
374,내추럴 버블 솝,디얼시(THEARTHY),워시,,,
375,내추럴 아토 바스볼,디얼시(THEARTHY),워시,,,
376,안티 폴루션 리퀴드 솝,디얼시(THEARTHY),워시,,,
377,오가닉 수딩 로션,디얼시(THEARTHY),로션,,,
378,토이 바스볼 위드 슐라이히,디얼시(THEARTHY),워시,,,
379,예비맘 크림,디테라피(D.THERAPY),크림,,,
380,베이비 로션(라벤더블로썸),딥스팁(deepsteep),로션,,,
381,베이비 로션[카렌둘라캐모마일],딥스팁(deepsteep),로션,,,
382,네이쳐파파 물티슈,따사로움(TASAROUM),물티슈,,,
383,아토그램 모이스처 크림,띠땅아기생활연구소(TTITTANG),크림,,,
384,오리지널 노니아 물티슈,띠땅아기생활연구소(TTITTANG),물티슈,,,
385,내추럴 베이비 로션,라꾸베(LaCouvee),로션,,,
386,내추럴 베이비 선크림,라꾸베(LaCouvee),선케어,,,
387,바이아토 더 순수 선크림,라꾸베(LaCouvee),선케어,,,
388,바이아토 프레쉬 베이비 로션,라꾸베(LaCouvee),로션,,,
389,Fur Kinder Sonnenschutz Milch,라디발(Ladival),선케어,,,
390,리피카 레,라로슈포제(LAROCHE-POSAY),로션,,,
391,리피카 밤 AP+,라로슈포제(LAROCHE-POSAY),크림,,,
392,안뗄리오스 더모 키즈 로션(더모페디아트릭스스무스로션),라로슈포제(LAROCHE-POSAY),선케어,,,
393,안뗄리오스 더모 키즈 로션,라로슈포제(LAROCHE-POSAY),선케어,,,
394,베이비킨더 2in1 바디&헤어 샴푸,라베라(lavera),워시,,,
395,베이비킨더 2in1 페이스&바디 크림,라베라(lavera),크림,,,
396,베이비킨더 뉴트럴 2in1 바디&목욕 오일,라베라(lavera),오일,,,
397,베이비킨더 다이아퍼 크림,라베라(lavera),크림,,,
398,선 센시티브 베이비&킨더 선크림,라베라(lavera),선케어,,,
399,쇼킹베이비 오일퍼퓸,라벨영(LabelYoung),오일,,,
400,쇼킹베이비 올인원 로션,라벨영(LabelYoung),로션,,,
401,쇼킹베이비 올인원클렌징,라벨영(LabelYonung),워시,,,
402,쇼킹베이비 왁스,라벨영(LabelYoung),헤어케어,,,
403,쇼킹베이비 파우더 크림,라벨영(LabelYoung),크림,,,
404,샴푸&바디클렌저(유아용),라브르베르(L'ABREBERT),헤어케어,,,
405,카밍로션,라뽀엘(Rappol),로션,,,
406,카밍워시&샴푸,라뽀엘(Rappol),워시,,,
407,카밍크림,라뽀엘(Rappol),크림,,,
408,마일드 선 스크린,라이크아임파이브(Likei'mFive),선케어,,,
409,올데이 카밍 크림,라이크아임파이브(Likei'mFive),크림,,,
410,탑투토 포밍워시,라이크아임파이브(LikeI'mFive),워시,,,
411,힐링 오일밤,라이크아임파이브(Likei'mFive),크림,,,
412,베이비 로션,라치나타(LACHINATA),로션,,,
413,베이비 샤워 젤,라치나타(LACHINATA),워시,,,
414,베이비 수딩 로션,라클리니카(LACLINICA),로션,,,
415,베이비 카밍 마사지 오일,라클리니카(LACLINICA),오일,,,
416,베이비 로션,라파아토(raphATO),로션,,,
417,베이비 미스트,라파아토(raphATO),기타화장품,,,
418,베이비 바디워시,라파아토(raphATO),워시,,,
419,아기물티슈5.0,라포레띠(Laforetty),물티슈,,,
420,아기물티슈6.0,라포레띠(Laforetty),물티슈,,,
421,아기물티슈7.5,라포레띠(Laforetty),물티슈,,,
422,버블 바스 마일드 포뮬라 키즈[워터멜론],랜더(LANDER),워시,,,
423,카밍베이비 로션,랜더(LANDER),로션,,,
424,베이비 마일드 로션,러뷰올(LOVEYOUALL),로션,,,
425,베이비 마일드 샴푸&워시,러뷰올(LOVEYOUALL),워시,,,
426,키즈 썬쿠션 엄마따라 톡톡톡,러블리에프(LOVELYF),선케어,,,
427,워러비 베이직 물티슈,러비앙(LOVIEN),물티슈,,,
428,허니 아이 워시드 더 키즈,러쉬(LUSH),워시,,,
429,데일리 헤어왁스,레시피박스(recipebox),헤어케어,,,
430,러브미 립스틱 #01 베이비핑크,레시피박스(recipebox),기타화장품,,,
431,러브미 립스틱 #02 어썸레드,레시피박스(recipebox),기타화장품,,,
432,도랑제 샴푸,레오놀그렐(Leonogreyl),워시,,,
433,베이비 오우 베이비 바디로션,레인보우리서치(rainbow),로션,,,
434,베이비 거품 바쓰,로고나(LOGONA),워시,,,
435,베이비 로션,로고나(LOGONA),로션,,,
436,베이비 샴푸,로고나(LOGONA),헤어케어,,,
437,베이비 아토 거품바쓰,로고나(LOGONA),워시,,,
438,베이비 아토 로션,로고나(LOGONA),로션,,,
439,베이비 아토 샴푸,로고나(LOGONA),헤어케어,,,
440,베이비 아토 오일,로고나(LOGONA),오일,,,
441,베이비 아토 크림,로고나(LOGONA),크림,,,
442,베이비 오일,로고나(LOGONA),오일,,,
443,베이비 카렌듈라 바쓰,로고나(LOGONA),워시,,,
444,베이비 카렌듈라 오일,로고나(LOGONA),오일,,,
445,베이비 크림,로고나(LOGONA),크림,,,
446,키즈 바디 로션,로고나(LOGONA),로션,,,
447,키즈 버블 바쓰,로고나(LOGONA),워시,,,
448,키즈 샴푸&샤워 젤,로고나(LOGONA),워시,,,
449,프리미엄 베이비 로션,로고나(LOGONA),로션,,,
450,프리미엄 베이비 바쓰&샴푸,로고나(LOGONA),워시,,,
451,키즈 엑스트라젠틀 2in1 샴푸,로레알파리(LOREALPARIS),헤어케어,,,
452,키즈 선 로션 보습 스프레이,로베아(lovea),선케어,,,
453,한방 로션[폴리],로보카폴리(ROBOCARPOLI),로션,,,
454,한방 샴푸 (폴리),로보카폴리(ROBOCARPOLI),헤어케어,,,
455,한방 샴푸앤바스[폴리],로보카폴리(ROBOARPOLI),워시,,,
456,엠보싱 물티슈,로얄맘스(ROYALMOMS),물티슈,,,
457,내츄럴 모스가드 크림,로하스베베(LohasBeBe),크림,,,
458,베이비 내피 로션,로하스베베(LohasBeBe),로션,,,
459,베이비 뉴트리 오일,로하스베베(LohasBeBe),오일,,,
460,베이비 수딩 솔루션,로하스베베(LohasBeBe),크림,,,
461,베이비 헤어 앤 바디 워시,로하스베베(LahasBeBe),워시,,,
462,인텐스 리치 크림,로하스베베(LohasBeBe),크림,,,
463,맘 앤 베이비 로션,록시땅(LOCCITANE),로션,,,
464,맘 앤 베이비 페이스 크림,록시땅(LOCCITANE),크림,,,
465,베이비 퓨어 버블 워시,루피움(LU'PIUM),워시,,,
466,라테르네 올 릴리프 로션,르네셀(Rene-Cell),로션,,,
467,베이비 퓨리파잉 로션 블랑,르샤트라(LECHAYELARD),로션,,,
468,프리미엄 포밍 핸드워시,르소메(LESOMMET),워시,,,
469,모닝바아 베이비 밤,르아베크(Leavec),크림,,,
470,모닝바아 베이비 스틱 밤,르아베크(Leavec),크림,,,
471,모닝바아 아토 로션,르아베크(Leavec),로션,,,
472,모닝바아 아토 수딩젤,르아베크(Leavec),크림,,,
473,모닝바아 아토 크림,르아베크(Leavec),크림,,,
474,모닝바아 워시 3in1,르아베크(Leavec),워시,,,
475,모닝바아 파우더 크림,르아베크(Leavec),크림,,,
476,베이비 로션,르주르(Lejour),로션,,,
477,베리어 크림,르포(Lepo),크림,,,
478,베이비 오일,르포(Lepo),오일,,,
479,소프트닝 바스 오일,리네아빔비(LINEABIMBI),오일,,,
480,소프트닝 보호 오일,리네아빔비(LINEABIMBI),오일,,,
481,토탈 샴푸 바스,리네아빔비(LINEABIMBI),워시,,,
482,베이비 모이스처 로션,리놀레카(Linoleca),로션,,,
483,베이비 퓨어 선크림,리놀레카(Linoleca),선케어,,,
484,클리니에 키즈케어 선 로션,리더스(LEADERS),선케어,,,
485,새싹 보습 로션,리더스베이비순(LEDERSbabysoon),로션,,,
486,새싹 보습 헤어 앤 바디워시,리더스베이비순(LEADERSbabysoon),워시,,,
487,물티슈,리베로(Libero),물티슈,,,
488,베이비 로션,리베로(Libero),로션,,,
489,베이비 워시,리베로(LIBERO),워시,,,
490,치아씨드 물티슈,리빙베베(Livingbebe),물티슈,,,
491,센테랄 데일리 베이비 로션,리슘(LISUM),로션,,,
492,맘 앤 트윈스 베이비 스킨 토닉 오일,리아네이처(Lyanatureco),오일,,,
493,맘 앤 트윈스 베이비 워싱 로션 앤 오일,리아네이처(Lyanatureco),오일,,,
494,맘 앤 트윈스 샴푸 앤 배스,리아네이처(Lyanatureco),워시,,,
495,맘 앤 트윈스 샴푸 주니어,리아네이처(Lyanatureco),헤어케어,,,
496,맘 앤 트윈스 스킨 토닉 밤,리아네이처(Lyanatureco),크림,,,
497,꿀잠이 아기 오일,리얼베베(realbebe),오일,,,
498,보들이 아기 로션,리얼베베(realbebe),로션,,,
499,퐁당이 아기 샴푸&바스,리얼베베(realbebe),워시,,,
500,키즈 샴푸&바디 워시,리틀그린(LittleGreen),워시,,,
501,키즈 헤어 디탱글러,리틀그린(LittleGreen),헤어케어,,,
502,나피 밤,리틀그린래디칼스(LITTLEGREENRADICALS),크림,,,
503,스칼프 오일,리틀그린래디칼스(LITTLEGREENRADICALS),오일,,,
504,알프베베 스파 로션,리틀마마(Littlemama),로션,,,
505,알프베베 스파 오일,리틀마마(Littlemama),오일,,,
506,모이스춰 밀크 베이비 로션,리틀시베리카(LITTLESIBERICA),로션,,,
507,베이비 물티슈,리틀이노센트(littleinnoscents),물티슈,,,
508,내추럴 베이비 올인원워시,리틑타익스(littletikes),워시,,,
509,베이비 로션,리틀타익스(littletikes),로션,,,
510,베이비 수딩젤,리틀타익스(littletikes),크림,,,
511,베이비 크림,리틀타익스(littletikes),크림,,,
512,베이비 파우더 크림,리틀타익스(littletikes),크림,,,
513,한방 베이비 올인원 워시,리틀타익스(littletikes),워시,,,
514,버블 바스[베리포메그래니트],리틀트위기(Littletwig),워시,,,
515,버블 바스[엑스트라마이들언센티드],리틀트위그(Littletwig),워시,,,
516,버블 바스[해피탄제린],리틀트위그(Littletwig),워시,,,
517,베이비 로션 [엑스트라마일드언센티드],리틀트위그(Littletwig),로션,,,
518,베이비 로션[카밍라벤더],리틀트위그(Littletwig),로션,,,
519,베이비 샴푸 엑스트라마일드언센티드,리틀트위그(Littletwig),헤어케어,,,
520,베이비 샴푸 카밍라벤더,리틀트위그(Littletwig),헤어케어,,,
521,베이비 샴푸 해피탠저린,리틀트위그(Littletwig),헤어케어,,,
522,베이비 오일 카밍라벤더,리틀트위그(Littletwig),오일,,,
523,베이비 워시[엑스트라마일드언센티드],리틀트위그(Littletwig),워시,,,
524,베이비 워시[카밍라벤더],리틀트위그(Littletwig),워시,,,
525,베이비 워시[해피탄제린],리틀트위그(Littletwig),워시,,,
526,베이비 파우더 엑스트라마일드언센티드,리틀트위그(Littletwig),파우더,,,
527,컨디셔닝 디탱글러 엑스트라마일드언센티드,리틀트위그(Littletwig),헤어케어,,,
528,컨디셔닝 디탱글러 카밍라벤더,리틀트위그(Littletwig),헤어케어,,,
529,컨디셔닝 디탱글러 해피탠저린,리틀트위그(Littletwig),헤어케어,,,
530,해피 탄제린 베이비 로션,리틀트위그(Littletwig),로션,,,
531,도톰한 물티슈,릴리유(ReliU),물티슈,,,
532,도톰한 엠보싱 물티슈,릴리유(ReliU),물티슈,,,
533,촉촉한 물티슈,릴리유(ReliU),물티슈,,,
534,포근한 물티슈,릴리유(ReliU),물티슈,,,
535,포근한 엠보싱 물티슈,릴리유(ReliU),물티슈,,,
536,베이비앤맘 위드알로 미스트,마더스프(MOTHER'SP),기타화장품,,,
537,베이비앤맘 위드알로 보습크림,마더스프(MOTHER'SP),크림,,,
538,베이비앤맘 위드알로 샴푸앤 바디워시,마더스프(MOTHER'SP),워시,,,
539,베이비앤맘 위드알로 선크림,마더스프(MOTHER'SP),선케어,,,
540,베이비앤맘 위드알로 수분 에센스 로션,마더스프(MOTHER'SP),로션,,,
541,베이비 마일드 로션,마마띠(MAMATTI),로션,,,
542,베이비 버블 바스&샴푸,마마띠(MAMATTI),워시,,,
543,스위트드림 내츄럴 베이비 아토 로션,마마몽(Mamamong),로션,,,
544,스위트드림 베이비 테라피 오일,마마몽(Mamamong),오일,,,
545,티트리 퓨어 수딩 겔,마마몽(Mamamong),크림,,,
546,프리미엄 2in1베이비 포밍 워시,마마몽(Mamamong),워시,,,
547,베이비 매직 다이애퍼 크림 (기저귀 크림),마마치(Mamachi),크림,,,
548,베이비 바디 로션,마마치(Mamachi),로션,,,
549,베이비 바스&샴푸,마마치(MaMachi),워시,,,
550,베이비 피톤치드 워터 드롭스 크림,마마치(Mamachi),크림,,,
551,모이스처 크림,마맘수(mamomsoo),크림,,,
552,바스 앤 샴푸,마맘수(mamomsoo),헤어케어,,,
553,수딩 젤,마맘수(mamomsoo),크림,,,
554,바디로션,마망드프리에(MAMANDEPRIERE),로션,,,
555,올인원워시,마망드프리에(MAMANDEPRIERE),워시,,,
556,크림/젤,마망드프리에(MAMANDEPRIERE),크림,,,
557,카렌듈라 키즈 선 쿠션,마몽드(Momonde),선케어,,,
558,로션,마미부비(MAMIBOBI),로션,,,
559,바디&샴푸,마미부비(MAMIBOBI),워시,,,
560,수딩 젤,마미부비(MAMIBOBI),크림,,,
561,스틱 밤,마미부비(MAMIBOBI),크림,,,
562,크림,마미부비(MAMIBOBI),크림,,,
563,오리지널 엠보싱 물티슈,마스비(masby),물티슈,,,
564,베이비 다이애퍼 크림,마이마이(MaiMai),크림,,,
565,베이비 로션,마이마이(MaiMai),로션,,,
566,베이비 오일,마이마이(MaiMai),오일,,,
567,마일드 바디워시,마이얼스데이키즈(MyErthdayKids),워시,,,
568,모이스춰라이징 로션,마이얼스데이키즈(MyErthdayKids),로션,,,
569,프레쉬 샴푸,마이얼스데이키즈(MyErthdayKids),헤어케어,,,
570,베이비 샴푸&바디 워시,마일드바이네이처(MildbyNature),워시,,,
571,리틀 바틈스 다이퍼 밤,맘비노(mambino),크림,,,
572,베이비 베스트 데일리 에센셜 로션,맘비노(mambino),로션,,,
573,카렌듈라 너싱 밤 (유두보호밤),맘비노(mambino),크림,,,
574,티피 토즈 카밍 베이비 오일,맘비노(mambino),오일,,,
575,해피 베이비 수딩 스틱,맘비노(mambino),크림,,,
576,라라베베 프리미엄 베이비 바스,맘스런드리(Mam'sLaundry),워시,,,
577,물티슈,맘스킨(MOMSKIN),물티슈,,,
578,골드 물티슈,맘아랑(momarang),물티슈,,,
579,베이비 수분크림,맘위즈(momwiz),크림,,,
580,베이비샴푸&바디워시,맘위즈(monwiz),워시,,,
581,substance baby nappy ointment,매터컴퍼티(mattercompany),크림,,,
582,베이비 러디 페이스 크림,머브앤피버(Mauve&Fever),크림,,,
583,베이비로션,머브앤피버(Mauve&Fever),로션,,,
584,퓨어블 베이비 유아용 샴푸&바디워시,메디록스(Medilox),헤어케어,,,
585,퓨어 36.5 물티슈,메르베베(merebebe),물티슈,,,
586,에센셜 물티슈,메이빈(MAVIN),물티슈,,,
587,Baby Moisturiser,메이터(Mater),로션,,,
588,내추럴 로션 투 파우더,메종드베베(MaisondeBeBe),로션,,,
589,모엘르 베이비 오일,메종드베베(MaisondeBeBe),오일,,,
590,베이비 리페어 세럼,메종드베베(MaisondeBeBe),로션,,,
591,유브이 프로텍션 선크림,메종드베베(MaisondeBeBe),선케어,,,
592,유칼립투스 굿나잇 미스트,메종드베베(MaisondeBeBe),기타화장품,,,
593,유칼립투스 버블 샴푸 앤 바스,메종드베베(MaisondeBeBe),워시,,,
594,프로텍션 데일리 선쿠션,메종드베베(MaisondeBeBe),선케어,,,
595,프리미엄 내추럴 베이비 로션,메종드베베(MaisondeBeBe),로션,,,
596,프리미엄 내추럴 베이비 크림,메종드베베(MaisondeBeBe),크림,,,
597,아보카도 물티슈,메퓨어(merepure),물티슈,,,
598,핑거라임 물티슈,메퓨어(merepure),물티슈,,,
599,베이비 매직 로션,멘넨(MENNEN),로션,,,
600,베이비 매직 헤어&바디워시,멘넨(MENNEN),워시,,,
601,코알라 팔스 베이비 카밍 젠틀 워시,멜라루카(Melaleuca),워시,,,
602,물티슈[꽃라인],멜리(MELLI),물티슈,,,
603,물티슈[나무라인],멜리(MELLI),물티슈,,,
604,물티슈[새싹라인],멜리(MELLI),물티슈,,,
605,물티슈[풀라인],멜리(MELLI),물티슈,,,
606,마르세이유 베이비 비누,명작수(MYUNGJAKSOO),워시,,,
607,카스티아 베이비 비누,명작수(MYUNGJAKSOO),워시,,,
608,순한아기 물티슈,모나리자(Monalisa),물티슈,,,
609,아토허브 순한 아기 물티슈,모나리자(Monalisa),물티슈,,,
610,lab 65 물티슈,모모래빗(MOMORABBIT),물티슈,,,
611,lab 75 물티슈,모모래빗(MOMORABBIT),물티슈,,,
612,써니 베이비 썬크림,모모쏘우(MOMOSOW),선케어,,,
613,해맑은 키즈 샴푸,모에타(moeta),헤어케어,,,
614,뉴 스파클링 엠보싱 물티슈,몽드드(MONDOUDOU),물티슈,,,
615,뉴 오리지널 엠보싱 물티슈,몽드드(MONDOUDOU),물티슈,,,
616,카밍 베이비 라벤더 데일리 모이스처라이징 로션,몽드드(MONDOUDOU),워시,,,
617,카밍 베이비 라벤더 릴렉싱 탑투토 워시,몽드드(MONDOUDOU),워시,,,
618,카밍 베이비 라벤더 엑스트라 리치 맘 앤 베이비 크림,몽드드(MONDOUDOU),크림,,,
619,바스&샴푸,몽디에스(mongdies),워시,,,
620,선스틱,몽디에스(mongdies),선케어,,,
621,선쿠션,몽디에스(mongdies),선케어,,,
622,선크림[SPF35],몽디에스(mongdies),선케어,,,
623,수딩 젤,몽디에스(mongdies),크림,,,
624,아토 로션,몽디에스(mongdies),로션,,,
625,아토 크림,몽디에스(mongdies),크림,,,
626,파우더로션,몽디에스(mongdies),로션,,,
627,러블리 물티슈,몽베르(MONTVERT),물티슈,,,
628,이모션 물티슈,몽베르(MONTVERT),물티슈,,,
629,인텐시브 물티슈,몽베르(MONTVERT),물티슈,,,
630,프리미어 물티슈,몽베르(MONTVERT),물티슈,,,
631,기저귀 크림 (Nappy Balm),무구(MOOGOO),크림,,,
632,미니 무 버블리 워시,무구(MOOGOO),워시,,,
633,수딩 MSM 크림,무구(MOOGOO),크림,,,
634,풀 크림 모이스처라이저,무구(MOOGOO),크림,,,
635,큐어 밤 (멀티밤),무닉(MOONIC),크림,,,
636,큐어 선스크린,무닉(MOONIC),선케어,,,
637,큐어 오일,무닉(MOONIC),오일,,,
638,너리싱 로션 위드 콜드 크림,무스텔라(Mustela),로션,,,
639,너리싱 스틱 위드 콜드 크림,무스텔라(Mustela),크림,,,
640,너리싱 크림 위드 콜드 크림,무스텔라(Mustela),크림,,,
641,너리싱 클렌징 젤 위드 콜드 크림,무스텔라(Mustela),워시,,,
642,노 린스 클렌징 워터,무스텔라(Mustela),워시,,,
643,더모 클렌징,무스텔라(Mustela),워시,,,
644,마사지 오일,무스텔라(Mustela),오일,,,
645,멀티 센서리 버블 배스,무스텔라(Mustela),워시,,,
646,무스티 오 드 쓰왕 델리케이트 프래그런스,무스텔라(Mustela),기타화장품,,,
647,배스 오일,무스텔라(Mustela),오일,,,
648,베리 하이 프로텍션 선로션,무스텔라(Mustela),선케어,,,
649,베이비 오일,무스텔라(Mustela),오일,,,
650,비타민 배리어 크림,무스텔라(Mustela),크림,,,
651,소앙 크루떼 드레,무스텔라(Mustela),헤어케어,,,
652,수딩 모이스처라이징 로션,무스텔라(Mustela),로션,,,
653,수딩 모이스처라이징 크림,무스텔라(Mustela),크림,,,
654,수딩 체스트 펍,무스텔라(Mustela),크림,,,
655,수딩 컴포트 밤,무스텔라(Mustela),크림,,,
656,수딩 클렌징 젤,무스텔라(Mustela),워시,,,
657,스텔라토피아 에몰리언트 밤,무스텔라(Mustela),크림,,,
658,스텔라프로텍트 바디밀크,무스텔라(Mustela),로션,,,
659,이드라 베베 바디 로션,무스텔라(Mustela),로션,,,
660,이드라 베베 페이셜 크림,무스텔라(Mustela),크림,,,
661,이드라 스틱 위드 콜드 크림,무스텔라(Mustela),크림,,,
662,젠틀 샴푸,무스텔라(Mustela),헤어케어,,,
663,젠틀 솝 위드 콜드 크림 뉴트리 프로텍티브,무스텔라(Musteal),워시,,,
664,젠틀 클렌징 젤,무스텔라(Mustela),워시,,,
665,콜드 크림 바디 로션,무스텔라(Mustela),로션,,,
666,콜드 크림 비누,무스텔라(Mustela),워시,,,
667,투 인 원 헤어 앤 바디 워시,무스텔라(Mustela),워시,,,
668,클렌징 밀크,무스텔라(Mustela),워시,,,
669,클렌징 와이프,무스텔라(Mustela),워시,,,
670,투 인 원 클렌징 젤,무스텔라(Mustela),워시,,,
671,페이셜 클렌징 클로스,무스텔라(Mustela),워시,,,
672,폼 샴푸 포 뉴 본,무스텔라(Mustela),헤어케어,,,
673,피지오베베,무스텔라(Mustela),워시,,,
674,물+건티슈[베이직],물따로(Multtaro),물티슈,,,
675,물+건티슈[오리지날],물따로(Multtaro),물티슈,,,
676,물+건티슈[이코노미],물따로(Multtaro),물티슈,,,
677,어린이 물티슈[베이직],물따로(Multtaro),물티슈,,,
678,어린이 물티슈[프리미엄],물따로(Multtaro),물티슈,,,
679,데일리 밀키 로션,뮤아(MUAA),로션,,,
680,리퀴드 포밍 솝,뮤아(MUAA),워시,,,
681,바스 밤[블루],뮤아(MUAA),워시,,,
682,바스 밤[옐로우],뮤아(MUAA),워시,,,
683,바스 밤[퍼플],뮤아(MUAA),워시,,,
684,버블 밤[그린],뮤아(MUAA),워시,,,
685,버블 밤[주황],뮤아(MUAA),워시,,,
686,버블 밤[핑크],뮤아(MUAA),워시,,,
687,푸딩 솝[노랑],뮤아(MUAA),워시,,,
688,푸딩 솝[빨강],뮤아(MUAA),워시,,,
689,푸딩 솝[주황],뮤아(MUAA),워시,,,
690,푸딩 솝[초록],뮤아(MUAA),워시,,,
691,우리가족 물티슈,뮬릭(mulig),물티슈,,,
692,프리미엄 네이쳐 물티슈,뮬릭(mulig),물티슈,,,
693,베이비 앤 맘 이온 칼슘 로션,미바(MiBA),로션,,,
694,베이비앤맘 이온 칼슘 바스,미바(MIBA),워시,,,
695,예비맘 바디 오일,미샤(MISSHA),오일,,,
696,올 어라운드 세이프 블록 키즈 선 무스,미샤(MISSHA),선케어,,,
697,오리지널 버블바스,미스터버블(Mr.Bubble),워시,,,
698,내피 프로텍티브 크림,미스터베이비(misterBABY),크림,,,
699,바디 크림,미스터베이비(misterBABY),크림,,,
700,오 드 코롱,미스터베이비(misterBABY),기타화장품,,,
701,젠틀 샴푸,미스터베이비(misterBABY),헤어케어,,,
702,클렌징 무스,미스터베이비(misterBABY),워시,,,
703,클렌징 밀크,미스터베이비(misterBABY),워시,,,
704,페이스 크림,미스터베이비(misterBABY),크림,,,
705,프로텍티브 바스,미스터베이비(misterBABY),워시,,,
706,꼬마 미애부 베이비 바디 클렌저,미에부(Miev),워시,,,
707,꼬마 미애부 베이비 크림,미애부(MieV),크림,,,
708,네츄럴 베이비 수딩젤,미운오리(miunori),크림,,,
709,머그샷 키즈 샤인 앤 홀딩 젤,미쟝센(miseenscene),헤어케어,,,
710,머그샷 키즈 소프트 내츄럴 왁스,미쟝센(miseenscene),헤어케어,,,
711,머그샷 키즈 플레이 텍스쳐 왁스,미쟝센(miseenscene),헤어케어,,,
712,3 in 1 밀크 오일,미하이스35(mihys35),오일,,,
713,울트라 플러스 크림,미하이스35(구.리노아)(mihys35),크림,,,
714,크림 (원샷크림),미하이스35(구.리노아)(mihys35),크림,,,
715,헤어&바디워시,미하이스35,워시,,,
716,고츠밀크 라벤더 솝,밀카나(MILKANA),워시,,,
717,고츠밀크 오리지널 솝,밀카나(MILKANA),워시,,,
718,베이비 로션,밀크릭(MillCreek),로션,,,
719,베이비 카렌듈라 크림,밀크릭(MillCreek),크림,,,
720,마이블루 물티슈,밀크바오밥(MilkBaobab),물티슈,,,
721,마이옐로 물티슈,밀크바오밥(MilkBaobab),물티슈,,,
722,마이핑크 물티슈,밀크바오밥(MilkBaobab),물티슈,,,
723,베이비 로션,밀크바오밥(milkbaobab),로션,,,
724,베이비 모이스처 로션,밀크바오밥(MilkBaobab),로션,,,
725,베이비 수딩 젤 로션,밀크바오밥(MilkBaobab),로션,,,
726,베이비 워시,밀크바오밥(MilikBaobab),워시,,,
727,베이비 파우더 로션,밀크바오밥(milkbaobab),로션,,,
728,베이비&키즈 샴푸,밀크바오밥(MilkBaobab),헤어케어,,,
729,베이비&키즈 워시,밀크바오밥(MilkBaobab),워시,,,
730,베이비&키즈 페이셜 로션,밀크바오밥(MilkBaobab),로션,,,
731,베이비&키즈 페이셜 폼,밀크바오밥(MilkBaobab),워시,,,
732,나이티 나이트 룸 스프레이,밀크앤코(MILK&Co),기타화장품,,,
733,모이스처라이징 크윔,밀크앤코(MILK&Co),크림,,,
734,배스 타임 워시,밀크앤코(Milk&Co),워시,,,
735,샴푸즐 컨디셔너,밀크엔코(MILK&Co),헤어케어,,,
736,스노티 그로티 룸 스프레이,밀크앤코(MILK&Co),기타화장품,,,
737,스포티 토츠,밀크앤코(MILK&Co),크림,,,
738,슬리피 법스 마사지 오일,밀크앤코(MILK&Co),오일,,,
739,아토 리베라 로션,밀키두(milkydue),로션,,,
740,아토 리페어 크림,밀키두(milkydue),크림,,,
741,키즈 선스크린 로션[SPF50],바나나보트(BANANABOAT),로션,,,
742,프리미엄 물티슈[알로에베라],바미토리(bamytory),물티슈,,,
743,프리미엄 물티슈[홍삼],바미토리(bamytory),물티슈,,,
744,2in1헤어&바디 워시,바베(BABE),워시,,,
745,모이스처 로션,바베(BABE),로션,,,
746,Sensitive Baby Daily Hydra Baby Lotion,바보보태니컬(baboBOTANICALS),로션,,,
747,라벤더 매도우스윗 쓰리 인 원 버블 배쓰&샴푸&워시,바보보태니컬(baboBOTANICALS),워시,,,
748,로즈마리 티트리 라이스 리펠 샴푸,바보보태니컬(baboBOTANICALS),헤어케어,,,
749,스무딩 샴푸&워시,바보보테니컬(baboBOTANICALS),워시,,,
750,오트밀크 카렌듈라 모이스춰라이징 베이비 로션,바보보태니컬(baboBOTANICALS),로션,,,
751,큐컴버 알로에베라 클린 스포츠 샴푸&워시,바보보태니컬(baboBOTANICALS),워시,,,
752,내추럴 쿨링 수딩젤,바슈코코(BaucheCoCo),크림,,,
753,데일리 마일드 아토 로션,바슈코코(BaucheCoCo),로션,,,
754,모이스처라이징 아토 크림,바슈코코(BaucheCoCo),크림,,,
755,버블 샴푸&워시,바슈코코,워시,,,
756,베이비 배씽 베이비 헤어 앤 바디 워시,바스타임베이비앤키즈(BathtimeBaby&Kids),워시,,,
757,베이비 버터 모이스처라이징 로션,바스타임베이비앤키즈(BathtimeBaby&Kids),로션,,,
758,베이비 컴포트 크림 수딩 크림,바스타임베이비앤키즈(Bathtimebaby&kids),크림,,,
759,키즈 네추럴리 너리싱 바디 로션,바스타임베이비앤키즈(BathtimeBaby&Kids),로션,,,
760,키즈 스퀴키 클린 헤어 샴푸,바스타임베이비앤키즈(BathtimeBaby&Kids),헤어케어,,,
761,키즈 탑 토 투 바디 워시,바스타임베이비앤키즈(BathtimeBaby&Kids),워시,,,
762,ABC덤 H2O 클렌징 워터,바이오더마(BIODERMA),워시,,,
763,ABC덤 미네랄 선크림,바이오더마(BIODERMA),선케어,,,
764,ABC덤 베이비스퀌,바이오더마(BIODERMA),크림,,,
765,ABC덤 샴푸잉,바이오더마(BIODERMA),헤어케어,,,
766,ABC덤 아토+ 밤,바이오더마(BIODERMA),크림,,,
767,ABC덤 윌 두쎄르,바이오더마(BIODERMA),오일,,,
768,ABC덤 이드라땅 수분로션,바이오더마(BIODERMA),로션,,,
769,ABC덤 젤 무쌍,바이오더마(BIODERMA),워시,,,
770,ABC덤 체인지 인텐시브,바이오더마(BIODERMA),크림,,,
771,ABC덤 콜드 크림 비자쥬,바이오더마(BIODERMA),크림,,,
772,ABC덤 콜드 크림 크렘 꼬르,바이오더마(BIODERMA),크림,,,
773,ABC덤 페리 오랄,바이오더마(BIODERMA),크림,,,
774,아토덤 프리벤티브,바이오더마(BIODERMA),크림,,,
775,베이비 선 쿠션,반트36.5(VANT36.5),선케어,,,
776,베이비 페이스 앤 바디 크림,반트36.5(VANT36.5),크림,,,
777,베이비 페이스 앤 바디워시,반트36.5(VANT36.5),워시,,,
778,물티슈[프리미엄],방그레,물티슈,,,
779,물티슈[수려],배냇짓(Benetzit),물티슈,,,
780,물티슈[청아],배냇짓(Benezit),물티슈 ,,,
781,베이비 밤,뱃저(Badger),크림,,,
782,베이비 선스크린 크림,뱃저(Badger),선케어,,,
783,베이비 오일,뱃저(Badger),오일,,,
784,키즈 선스크린 크림,뱃저(Badger),선케어,,,
785,미니멈 베이비 크림,버블봉봉(BubbleBONBON),크림,,,
786,베이비 비 너리싱 로션[오리지널],버츠비(BURT'SBEES),로션,,,
787,베이비 비 너리싱 로션[카밍],버츠비(BURT'SBEES),로션,,,
788,베이비 비 너리싱 베이비 오일,버츠비(BURT'SBEES),오일,,,
789,베이비 비 다이퍼 오인트먼트,버츠비(BURT'SBEES),크림,,,
790,베이비 비 멀티 퍼포즈 오인트먼트,버츠피(BUTR'SBEES),크림,,,
791,베이비 비 버블 배스,버츠비(BURT'SBEES),워시,,,
792,베이비 비 버터 밀크 솝,버츠비(burt'sbees),워시,,,
793,베이비 비 샴푸 앤 워시 카밍,버츠비(BURT'SBEES),워시,,,
794,베이비 비 샴푸 앤 워시,버츠비(BURT'SBEES),워시,,,
795,베이비 비 크림 투 파우더,버츠비(BURT'SBEES),파우더,,,
796,베이비 비 키써블 칙스 밤,버츠비(BURT'SBEES),크림,,,
797,베이비 비 프렌그런스 프리 앤 티어 프리 샴푸 앤 워시,버츠비(BURT'SBEES),워시,,,
798,베이비 샴푸 앤 워시 오리지널,버츠비(BURT'SBEES),워시,,,
799,Baby Lotion,법(boep),로션,,,
800,보니베어 밀키 배스,베네코스코리아(BCK),워시,,,
801,맘스 테라피 수딩로션,베니즈와(BENIZOIE),로션,,,
802,베베 크림,베르가닉(Verganic),크림,,,
803,키즈 샴푸,베르가닉(Verganic),헤어케어,,,
804,키즈 선 블록,베르가닉(Verganic),선케어,,,
805,더모 하이드레이팅 밤,베르플로스(VERFLOS),크림,,,
806,베이비 로션,베르플로스(VERFLOS),로션,,,
807,베이비 바스&샴푸,베르플로스(VERFLOS),헤어케어,,,
808,베이비 오일,베르플로스(VERFLOS),오일,,,
809,베이비 크림,베르플로스(VERFLOS),크림,,,
810,슈프림 베이비 로션,베르플로스(VERFLOS),로션,,,
811,슈프림 베이비 립밤,베르플로스(VERFLOS),립케어,,,
812,슈프림 베이비 바스&샴푸,베르플로스(VERFLOS),헤어케어,,,
813,슈프림 베이비 오일,베르플로스(VERFLOS),오일,,,
814,슈프림 베이비 크림,베르플로스(VERFLOS),크림,,,
815,씨드 세라마이드 베이비 로션,베리맘(VERYMOM),로션,,,
816,샴푸&버블바스,베마베이비(Bemababy),워시,,,
817,스위트 오일,베마베이비(BemaBaby),오일,,,
818,키즈 버블 바스,베마베이비(BemaBaby),워시,,,
819,키즈 샴푸,베마베이비(BemaBaby),헤어케어,,,
820,페이스 & 바디 로션,베마베이비(BemaBaby),로션,,,
821,프로텍티브 크림,베마베이비(BemaBaby),크림,,,
822,100 플러스 수딩 겔,베베가닉(BeBeganic),크림,,,
823,120플러스 로션,베베가닉(BeBeGanic),로션,,,
824,150 플러스 크림,베베가닉(BeBeganic),크림,,,
825,네추럴 립 젤,베베가닉(BeBeganic),립케어,,,
826,네추럴오일 베베가닉,베베가닉(BeBeganic),오일,,,
827,베이비 클렌징 워터,베베가닉(BeBeganic),워시,,,
828,선크림,베베가닉(BeBeganic),선케어,,,
829,자장자장 베이비 슬리핑 로션,베베가닉(BeBeganic),로션,,,
830,자장자장 베이비 슬리핑 오일 드롭스,베베가닉(BeBeganic),오일,,,
831,자장자장 베이비 슬리핑 크림,베베가닉(BeBeganic),크림,,,
832,터치 마이 헤어 에센스,베베가닉(BeBeganic),헤어케어,,,
833,퓨어 버블 바디&샴푸[무향],베베가닉(BeBeganic),워시,,,
834,퓨어 버블 바디&샴푸[유향],베베가닉(BeBeganic),워시,,,
835,프레그넌시 케어 벨벳크림,베베가닉(BeBeganic),크림,,,
836,몬스터 물티슈,베베궁(BEBGUNG),물티슈,,,
837,오리지널 물티슈,베베궁(BEBEGUNG),물티슈,,,
838,오리지널 샵 물티슈,베베궁(BEBEGUNG),물티슈,,,
839,로션,베베네이쳐(BEBENATURE),로션,,,
840,수딩젤,베베네이쳐(BEBENATURE),크림,,,
841,크림,베베네이쳐(BEBENATURE),크림,,,
842,고보습 베리어 베이비 로션,베베랩(BEBELAB),로션,,,
843,고보습 베리어 베이비 마사지 오일,베베랩(BEBELAB),오일,,,
844,고보습 베리어 베이비 샴푸&바스,베베랩(BEBELAB),워시,,,
845,고보습 베리어 베이비 수딩젤,베베랩(BEBELAB),크림,,,
846,고보습 베리어 베이비 스파바스타임,베베랩(BEBELAB),워시,,,
847,고보습 베리어 베이비 크림,베베랩(BEBELAB),크림,,,
848,고보습 베리어 수딩스틱밤,베베랩(BEBELAB),크림,,,
849,오가닉 프레쉬 스틱,베베럽(BeBeRub),기타화장품,,,
850,오가닉 프로텍션 릴리프 스틱,베베럽(BeBeRub),크림,,,
851,마일드 로션,베베루나(BEBELUNA),로션,,,
852,마일드 바스 앤 샴푸,베베루나(BEBELUNA),워시,,,
853,마일드 수딩 젤,베베루나(BEBELUNA),크림,,,
854,마일드 케어 밤,베베루나(BEBELUNA),크림,,,
855,마일드 크림,베베루나,크림,,,
856,수호밤 퓨어,베베마망(bebemaman),기타화장품,,,
857,라이트 물티슈,베베맘마(BeBemomma),물티슈,,,
858,베이직 물티슈,베베맘마(BeBemomma),물티슈,,,
859,프리미엄 물티슈,베베맘마(BeBemomma),물티슈,,,
860,물티슈[베이직],베베미뇽(BeBeMignon),물티슈,,,
861,모이스쳐라이징 페이스&바디 에센스,베베뿌(BeBePu),로션,,,
862,모이스처 로션,베베셀(Bebecell),로션,,,
863,베이비 바스 앤 샴퓨,베베셀(Bebecell),워시,,,
864,베이비 선크림,베베셀(Bebecell),선케어,,,
865,베이비 영양 크림,베베셀(bebecell),크림,,,
866,베이비 오일,베베셀(Bebecell),오일,,,
867,오리지널 로션,베베셀(Bebecell),로션,,,
868,퓨어 수딩 젤,베베셀(Bebecell),크림,,,
869,베이비 로션,베베수(BEBESOO),로션,,,
870,베이비 샴푸 앤 바디워시,베베수(BEBESOO),워시,,,
871,베이비 수딩 젤,베베수(BEBESOO),크림,,,
872,베이비 크림,베베수(BEBESOO),크림,,,
873,네이처 골드 물티슈,베베숲(Bebesup),물티슈,,,
874,라이트 물티슈,베베숲(Bebesup),물티슈,,,
875,범범크림,베베숲(bebesup),크림,,,
876,센시티브 물티슈[엠보싱],베베숲(Bebesup),물티슈,,,
877,센시티브 물티슈[플레인],베베숲(Bebesup),물티슈,,,
878,소프트 물티슈,베베숲(Bebesup),물티슈,,,
879,시그니처 물티슈,베베숲(Bebesup),물티슈,,,
880,시어골드 물티슈,베베숲(Bebesup),물티슈,,,
881,아이캔 트레이닝 물티슈,베베숲(Bebesup),물티슈,,,
882,제로 물티슈,베베숲(Bebesup),물티슈,,,
883,프리미어 물티슈,베베숲(Bebesup),물티슈,,,
884,베이비 모이스처 로션,베베스킨(bebeskin),로션,,,
885,베이비 바스 앤 샴푸,베베스킨(bebeskin),워시,,,
886,베이비 수딩젤,베베스킨(bebeskin),크림,,,
887,베이비 크리미오일,베베스킨(bebeskin),오일,,,
888,베이비 크림,베베스킨(bebeskin),크림,,,
889,아기 물티슈,베베앙(Bebeen),물티슈,,,
890,내추럴 수딩젤,베베와나(BEBEWANNA),크림,,,
891,베이비 로션,베베와나(BEBEWANNA),로션,,,
892,베이비 바스앤샴푸,베베와나(BEBEWANNA),워시,,,
893,베이비 울트라크림,베베와나(BEBEWANNA),크림,,,
894,토브바스 프리미엄 입욕제[프로랄],베베캐슬(BEBE CASTLE),워시,,,
895,젤리톡 바이탈 팝퍼,베베톡(BeBeTalk),크림,,,
896,베이비 워시 젤,베블(bebble),워시,,,
897,샴푸 앤 바디워시,베블(bebble),워시,,,
898,예방용 기저귀 크림,베블(bebble),크림,,,
899,세라이드 로션,베비니아(Bebinia),로션,,,
900,세라이드 바스&샴푸,베비니아(Bbinia),워시,,,
901,세라이드 수딩 젤,베비니아(Bebinia),크림,,,
902,세라이드 스틱 밤,베비니아(Bebinia),크림,,,
903,세라이드 크림,베비니아(Bebinia),크림,,,
904,그린 모이스처 오일,베비루미(BABILUMI),오일,,,
905,아토 로션,베비루미(BABILUMI),로션,,,
906,아토 베스 앤 샴푸,베비루미(BABILUMI),워시,,,
907,아토 수딩젤,베베루미(BABILUMI),크림,,,
908,아토 크림,베비루미(BABILUMI),크림,,,
909,비데 물티슈,베비스킨(bebiskin),물티슈,,,
910,클래식 물티슈,베비스킨(bebiskin),물티슈,,,
911,보습 베이비 로션,베비언스(Babience),로션,,,
912,보습 베이비 샴푸&바디 워시,베비언스(Babience),워시,,,
913,보습 베이비 선 메탈 쿠션,베비언스(Babience),선케어,,,
914,보습 베이비 수딩 젤,베비언스(Babience),크림,,,
915,보습 안심 깔끔 클렌징 워터,베비언스(Bebience),워시,,,
916,보습 제주 카렌듈라 맑은 보습 베이비 로션,베비언스(Babience),로션,,,
917,보습 제주 카렌듈라 맑은 보습 베이비 크림,베비언스(Babience),크림,,,
918,보습 프리미엄 산양유 고보습 바스 오일,베비언스(Babience),워시,,,
919,보습 프리미엄 산양유 베이비 고보습 로션,베비언스(Babience),로션,,,
920,보습 프리미엄 산양유 베이비 고보습 크림,베비언스(Babience),크림,,,
921,보습 프리미엄 산양유 베이비 버블 샴푸&바디워시,베비언스(Babience),워시,,,
922,보습 프리미엄 산양유 베이비 선 밀크 쿠션,베비언스(Babience),선케어,,,
923,보습 프리미엄 산양유 애착로션,베비언스(Babience),로션,,,
924,아토베롤 고보습 로션,베비언스(Babience),로션,,,
925,아토베롤 고보습 미스트,베비언스(Babience),기타화장품,,,
926,아토베롤 고보습 워시,베비언스(Babience),워시,,,
927,아토베롤 고보습 크림,베비언스(Babience),크림,,,
928,아토케어 고보습 크림,베비언스(Babience),크림,,,
929,아토케어 샴푸&바디 워시,베비언스(Babience),워시,,,
930,아토케어 수딩 로션,베비언스(Babience),로션,,,
931,퍼스트 스킨 베이비 샴푸&바디 워시,베비언스(Babience),워시,,,
932,퍼스트스킨 베이비 로션,베비언스(Babience),로션,,,
933,퍼스트스킨 베이비 순한 선크림,베비언스(Babience),선케어,,,
934,퍼스트스킨 베이비 아토 크림,베비언스(Babience),크림,,,
935,퍼스트스킨 베이비 옐로오일,베비언스(Bebience),오일,,,
936,핑크퐁 베이비 선 메탈 쿠션,베비언스(Babience),선케어,,,
937,핑크퐁 베이비 순한 선크림,베비언스(Babience),선케어,,,
938,헤링본 베이직 물티슈,베비언스(Babience),물티슈,,,
939,헤링본 캡 물티슈,베비언스(Babience),물티슈,,,
940,마일드 소프트 베이비 로션,베비오닉(Babioiq),로션,,,
941,그레이스 물티슈,베슈(bechou),물티슈,,,
942,에센셜 물티슈,베슈(bechou),물티슈,,,
943,이너프 물티슈,베슈(bechou),물티슈,,,
944,하이라인 물티슈,베슈(bechou),물티슈,,,
945,젠틀 베이비 로션,베이비 매직(BabyMagic),로션,,,
946,카밍 베이비 로션(Calming Baby Lotion),베이비 매직(BabyMagic),로션,,,
947,모이스춰라이징 베이비 데일리 로션[무향],베이비가닉스(babyganics),로션,,,
948,포밍 샴푸&바디 워시[카모마일향],베이비가닉스(babyganics),워시,,,
949,델리컷 바스앤샴푸,베이비꼬꼴레(babycocole),워시,,,
950,라이트 수딩 크림,베이비꼬꼴레(babycocole),크림,,,
951,모이스춰라이징 라이트오일,베이비꼬꼴레(babycocole),오일,,,
952,모이스춰라이징 바스,베이비꼬꼴레(babycocole),워시,,,
953,모이스춰라이징 크림,베이비꼬꼴레(babycocole),크림,,,
954,젠틀 리퀴드 파우더,베이비꼬꼴레(babycocole),로션,,,
955,젠틀 샴푸,베이비꼬꼴레(babycocole),헤어케어,,,
956,프라임 수 물티슈 라이트,베이비꼬꼴레(babycocole),물티슈,,,
957,델리케이트 샴푸,베이비데르베(BabyDerbe),헤어케어,,,
958,리퀴드 솝,베이비데르베(BabyDerbe),워시,,,
959,모이스처라이징 로션,베이비데르베(BabyDerbe),로션,,,
960,수딩 크림,베이비데르베(BabyDerbe),크림,,,
961,젠틀 헤어&바디 클렌저,베이비데르베(BabyDerbe),워시,,,
962,젠틀웨이브 베이비 물티슈,베이비러브(BabyLove),물티슈,,,
963,Sensitive Feuchttucher,베이비러브디엠(BabyLoveDM),물티슈,,,
964,베이비 바세린 퓨어 오가닉,베이비바세린퓨어(BabtVaselinePure),크림,,,
965,Premium Natural Lotion,베이비범(babyBUM),선케어,,,
966,Premium Natural Stick,베이비범(babyBUM),선케어,,,
967,모이스처라이징 바디 로션 [Stage2],베이비스파(BabySpa),로션,,,
968,물티슈,베이비시터(babySITTER),물티슈,,,
969,젠틀 올 오버 클린 헤어&바디워시[무향],베이비실크(babysilk),워시,,,
970,젠틀 올 오버 클린 헤어&바디워시,베이비실크(babysilk),워시,,,
971,고트 밀크 바디 워시,베이비유(babyU),워시,,,
972,마사지 세럼,베이비타임(Babytime),로션,,,
973,수딩 크림,베이비타임(Babytime),크림,,,
974,스너글리 로션,베이비타임(Babytime),로션,,,
975,치키살브,베이비타임(Babytime),크림,,,
976,플레이풀 샴푸 앤 워시,베이비타임(Babytime),워시,,,
977,미네랄 샴푸&워시,베이비트윈스(Babytwins),워시,,,
978,소프트 크림,베이비하트(Babyheart),크림,,,
979,데일리 로션,베이비홈닥터(BabyhomeDoctor),로션,,,
980,데일리 크림,베이비홈닥터(BabyhomeDoctor),크림,,,
981,럴러바이 수플레,베이비홈닥터(BabyhomeDoctor),크림,,,
982,물티슈[오리지널],베피스(Beffys),물티슈,,,
983,오리엔탈 허브 마사지 오일,베피스(Beffys),오일,,,
984,오리엔탈 허브 마일드 샴푸,베피스(Beffys),헤어케어,,,
985,오리엔탈 허브 밀키 로션,베피스(Beffys),로션,,,
986,오리엔탈 허브 버블 바디워시,베피스(Beffys),워시,,,
987,오리엔탈 허브 수딩 미스트,베피스(Beffys),기타화장품,,,
988,퓨어 베이비 모이스춰 로션,베피스(Beffys),로션,,,
989,퓨어 베이비 헤어&바디 워시,베피스(Beffys),워시,,,
990,에코베이비 & 키즈 선크림 뉴트랄,벨레다(WELEDA),선케어,,,
991,카렌둘라 네피체인지 크림 (아기기저귀크림),벨레다(WELEDA),크림,,,
992,카렌둘라 바디 로션,벨레다(WELEDA),로션,,,
993,카렌둘라 바디 크림,벨레다(WELEDA),크림,,,
994,카렌둘라 배쓰,벨레다(WELEDA),워시,,,
995,카렌둘라 베이비 비누,벨레다(WELEDA),워시,,,
996,카렌둘라 베이비 오일,벨레다(WELEDA),오일,,,
997,카렌둘라 샴푸 앤 바디워시,벨레다(WELEDA),워시,,,
998,카렌둘라 웨더 프로텍션 크림,벨레다(WELEDA),크림,,,
999,카렌둘라 크림 배쓰,벨레다(WELEDA),워시,,,
1000,카렌둘라 페이스 크림,벨레다(WELEDA),크림,,,
1001,화이트 맬로우 네피체인지 크림,벨레다(WELEDA),크림,,,
1002,화이트 맬로우 바디로션,벨레다(WELEDA),로션,,,
1003,화이트 맬로우 페이스 크림,벨레다(WELEDA),크림,,,
1004,베이비 바디 & 페이스 크림,벨리버튼(bellybutton),크림,,,
1005,베이비 오일,벨리버튼(bellybutton),오일,,,
1006,베이비 플레게바트&샴푸,벨리버튼(bellybutton),워시,,,
1007,플레게크렘 게지트& 쾨어퍼 (베이비바디&페이스크림),벨리버튼(bellybutton),크림,,,
1008,데일리 쿠퍼 에센셜 로션,벨보이스튜디오(BellboyStudio),로션,,,
1009,젠틀 롭 버블 더블 워시,벨보이스튜디오(BellboyStudio),워시,,,
1010,케어 젠 수딩 더마 크림,벨보이스튜디오(BellboyStuio),크림,,,
1011,키즈 버블 바디워시&샴푸 포도,벨캄(Belcam),워시,,,
1012,릴렉스 엔자임 생크림 베이비 워시,벳디팰롱(BeddiPelong),워시,,,
1013,프린세스 프링 베이비로션,벳디팰롱(BeddiPelong),로션,,,
1014,프린세스 피링 베이비워시,뱃디팰롱(BeddiPelong),워시,,,
1015,아쥬라 베이비 로션,보나쥬르(BONAJOUR),로션,,,
1016,아쥬라 베이비 크림,보나쥬르(BONAJOUR),크림,,,
1017,[꼬마버스타요]물비누 바디클레저(바디용),보돌(BODOL),워시,,,
1018,[꼬마버스타요]물비누 버블바스 거품목욕용,보돌(BODOL),워시,,,
1019,[꼬마버스타요]물비누 올인원케어 헤어&바스,보돌(BODOL),워시,,,
1020,꼬마버스타요 물비누 헤어클렌저 (헤어용),보돌(BODOL),헤어케어,,,
1021,모이스처라이징 베이비 로션,보들앤랩(Bodeul&Lab),로션,,,
1022,모이스처라이징 베이비 크림,보들앤랩(Bodeul&Lab),크림,,,
1023,베이비 샴푸 앤 바디워시,보들앤랩(Bodeul&Lab),워시,,,
1024,베이비 수딩젤,보들앤랩(Bodeul&Lab),크림,,,
1025,아기 물티슈,보솜이(BOSOMI),물티슈,,,
1026,안심 물티슈,보솜이(BOSOMI),물티슈,,,
1027,카모마일 프리미엄 물티슈,보솜이(BOSOMI),물티슈,,,
1028,맘 앤 베이비 로션,보타니아풀꽃이야기(Botania),로션,,,
1029,베이비 샴푸,보타니컬테라피(BOTANICALTHERAPY),헤어케어,,,
1030,베이비 선스크린,보타니컬테라피(BOTANICALTHERAPY),선케어,,,
1031,베이비 시카크림,보타니컬테라피(BORANICALTHERARY),크림,,,
1032,베이비 오일,보타니컬테라피(BOTANICALTHERAPY),오일,,,
1033,베이비 워셔블 썬팩트,보타니컬테라피(BOTANICALTHERAPY),선케어,,,
1034,베이비 워시,보타니컬테라피(BOTANICAL THERARY),워시,,,
1035,베이비 크림,보타니컬테라피(BOTANICALTHERAPY),크림,,,
1036,이지워시 썬스틱,보타니컬테라피(BOTANICALTHERAPY),선케어,,,
1037,카렌듈라 스틱 밤,보타니컬테라피(BOTANICALTHERAPY),크림,,,
1038,칼라민 수딩젤,보타니컬테라피(botanicaltherary),크림,,,
1039,퓨어 베이비 샴푸,보타니컬테라피(BOTANICALTHERAPY),헤어케어,,,
1040,촉촉한 물티슈,보탬(VOTEMM),물티슈,,,
1041,베이비 헤드 투 토 워시,부츠(Boots),워시,,,
1042,마일드 키즈 선 로션,분스(BOONS),선케어,,,
1043,마일드 키즈 선 스프레이,분스(BOONS),선케어,,,
1044,베이비 기저귀 크림,뷔센(Bubchen),크림,,,
1045,베이비 로션,뷔센(Bubchen),로션,,,
1046,베이비 밀크 로션,뷔센(Bubchen),로션,,,
1047,베이비 샴푸,뷔센(Bubchen),헤어케어,,,
1048,베이비 영양 크림,뷔센(Bubchen),크림,,,
1049,베이비 오일,뷔센(Bubchen),오일,,,
1050,베이비 워시 젤,뷔센(Bubchen),워시,,,
1051,베이비 파우더,뷔센(Bubchen),파우더,,,
1052,키즈 프린세스 로자레아 2in1 샴푸,뷔센(Bubchen),헤어케어,,,
1053,베이비앤뷰 마이베이비 베스 앤 샴퓨,뷰앤뷰(BEAUNBEAU),워시,,,
1054,베이비앤뷰 마이베이비 수분크림,뷰앤뷰(BEAUNBEAU),크림,,,
1055,베이비앤뷰 아기 수딩젤,뷰앤뷰(BEAUNBEAU),크림,,,
1056,아쿠아 수딩 젤,뷰티여우(BeautyFox),크림,,,
1057,아토클리닉 로션,뷰티여우(BeautyFox),로션,,,
1058,아토클리닉 바스앤샴푸,뷰티여우(BeautyFox),워시,,,
1059,아토클리닉 수딩젤,뷰티여우(BeautyFox),크림,,,
1060,아토클리닉 크리미오일,뷰티여우(BeautyFox),오일,,,
1061,아토클리닉 크림,뷰티여우(BeautyFox),크림,,,
1062,베베클로 보들보들 아토크림,뷰티클로(BEAUTIQLO),크림,,,
1063,베베클로 뽀글뽀글 바스&샴푸,뷰티클로(BEAUTIQLO),워시,,,
1064,굿 슬립 베이비 로션,브라운(BROWN),로션,,,
1065,굿 슬립 베이비 샴푸&배스,브라운(BROWN),워시,,,
1066,네이처 마일드 물티슈(아진크린제조),브라운(BROWN),물티슈,,,
1067,네이처 센시티브 물티슈(아진크린제조),브라운(BROWN),물티슈,,,
1068,네이처 프리미엄 물티슈(아진크린제조),브라운(BROWN),물티슈,,,
1069,베이비 수딩젤,브라운(BROWN),크림,,,
1070,오리지널 플러스 물티슈(하나네이처제조),브라운(BROWN),물티슈,,,
1071,키즈 왁스,브라운(BROWN),헤어케어,,,
1072,프리미엄 물티슈(아크린제조),브라운(BROWN),물티슈,,,
1073,프리미엄 물티슈(제이트로닉스 제조),브라운(BROWN),물티슈,,,
1074,블레싱 블러,브레스킨(BREATHKIN),워시,,,
1075,NO.5 물티슈,브로스(BROS),물티슈,,,
1076,릴리팝 키즈 선크림,블라블라베이비(blablababy),선케어,,,
1077,샌드위치 베이비 로션,블라블라베이비(blablababy),로션,,,
1078,엠보 울리 72 물티슈,블라블라베이비(blablavaby),물티슈,,,
1079,울리 마사지 오일,블라블라베이비(blablababy),오일,,,
1080,센텔라 아토 로션,블러쉬코알라(BLUSHKOALA),로션,,,
1081,센텔라 아토 크림,블러쉬코알라(BLUSHKOALA),크림,,,
1082,인펀트 엠보 물티슈,블루나(Bluna),물티슈,,,
1083,네이쳐 프로텍션 선크림,,선케어,,,
1084,데일리 소프트 비 로션,비더마틱(B.DERMATIC),로션,,,
1085,돈워리 딥 클렌저,비더마틱(B.DERMATIC),워시,,,
1086,모이스쳐라이징 비 크림,비더마틱(B.DERMATIC),크림,,,
1087,모이스트 워터 비 미스트,비더마틱(B.DERMATIC),기타화장품,,,
1088,워터리 선 플루이드,비더마틱(B.DERMATIC),선케어,,,
1089,쿨 수딩 비 젤,비더마틱(B.DERMATIC),크림,,,
1090,크리미 비 바스,비더마틱(B.DERMATIC),워시,,,
1091,클리어 프로텍션 선 스틱,비더마틱(B.DERMATIC),선케어,,,
1092,해피 플레이 타임 선 쿠션,비더마틱(B.DERMATIC),선케어,,,
1093,베이비 크림,비오텀(BIOTURM),크림,,,
1094,실버 로션 Nr36,비오텀(BIOTURM),로션,,,
1095,2in1 바디 앤 헤어 클렌저(바스&샴푸),비올란(biolane),워시,,,
1096,극건성용 2in1 바스&샴푸,비올란(Biolane),워시,,,
1097,더모 패디애트릭스 다이애퍼 래쉬 크림,비올란(Biolane),크림,,,
1098,더모 페디에트릭스 모이스처라이징 크림,비올란(Biolane),크림,,,
1099,더모 패디애트릭스 미셀라 클렌징 워터,비올란(Biolane),워시,,,
1100,더모 패디애트릭스 바디 앤 헤어 클렌징 젤,비올란(Biolane),워시,,,
1101,더모 패디애트릭스 클렌징 오일,비올란(Biolane),워시,,,
1102,미셀라 솔루션,비올란(Biolane),워시,,,
1103,베이비 너리싱 앤 모이스처라이징 크림,비올란(Biolane),크림,,,
1104,베이비 드라이 마사지 오일,비올란(Biolane),오일,,,
1105,베이비 리퀴드 탤크,비올란(Biolane),크림,,,
1106,베이비 모이스처라이징 스프레이 로션,비올란(Biolane),로션,,,
1107,베이비 샤워 젤 앤 바스 폼,비올란(Biolane),워시,,,
1108,베이비 스위트 아몬드 오일 스프레이,비올란(Biolane),오일,,,
1109,베이비 아르니카 젤,비올란(Biolane),크림,,,
1110,베이비 퓨어H2O 클렌징 워터,비올란(Biolane),워시,,,
1111,수딩 크림,비올란(Biolane),로션,,,
1112,엑스트라 리치 솝,비올란(Biolane),워시,,,
1113,울트라 영양크림,비올란(Biolane),크림,,,
1114,젠틀 샴푸,비올란(Biolane),헤어케어,,,
1115,젠틀 클렌징 밀크,비올란(Biolane),워시,,,
1116,키즈 디탱글링 샴푸,비올란(Biolane),헤어케어,,,
1117,베이비 퓨어 로션,비욘드(BEYOND),로션,,,
1118,베이비 퓨어 마사지 오일,비욘드(BEYOND),오일,,,
1119,베이비 퓨어 선쿠션,비욘드(BEYOND),선케어,,,
1120,베이비 퓨어 인텐스 크림,비욘드(BEYOND),크림,,,
1121,베이비 퓨어 헤어&바디 워시,비욘드(BEYOND),워시,,,
1122,키즈 에코 로션 (뽀로로콜라보스페셜에디션),비욘드(BEYOND),로션,,,
1123,키즈 에코 로션(디즈니),비욘드(BEYOND),로션,,,
1124,키즈 에코 로션,비욘드(BEYOND),로션,,,
1125,키즈 에코 바디 워시(디즈니),비욘드(BEYOND),워시,,,
1126,키즈 에코 바디 워시(뽀로로콜라보스페셜에디션),비욘드(BEYOND),워시,,,
1127,키즈 에코 바디 워시,비욘드(BEYOND),워시,,,
1128,키즈 에코 샴푸(디즈니),비욘드(BEYOND),워시,,,
1129,키즈 에코 선 쿠션,비욘드(BEYOND),선케어,,,
1130,키즈 에코 선크림(디즈니),비욘드(BEYOND),선케어,,,
1131,키즈 에코 선크림(뽀로로콜라보스페셜에디션),비욘드(BEYOND),선케어,,,
1132,키즈 에코 선크림,비욘드(BEYOND),선케어,,,
1133,키즈 에코 소프트 샴푸 (디즈니),비욘드(BEYOND),헤어케어,,,
1134,키즈 에코 소프트 샴푸,비욘드(BEYOND),헤어케어,,,
1135,키즈 에코 크림 (뽀로로콜라보스페셜에디션),비욘드(BEYOND),크림,,,
1136,키즈 에코 크림 (디즈니),비욘드(BEYOND),크림,,,
1137,키즈 에코 크림,비욘드(BEYOND),크림,,,
1138,키즈 에코 페이셜 폼(디즈니),비욘드(BEYOND),워시,,,
1139,키즈 에코 페이셜 폼,비욘드(BEYOND),워시,,,
1140,키즈 에코 페이셜폼(뽀로로콜라보스페셜에디션),비욘드(BEYOND),워시,,,
1141,키즈 에코 핸드솝(디즈니),비욘드(BEYOND),워시,,,
1142,판타스틱 맘 앤 베이비 로션,비욘드(BEYOND),로션,,,
1143,스킨 베리어 베이비 센시티브 마사지 오일,빅그린(BIGGREEN),오일,,,
1144,스킨 베리어 베이비 센시티브 샤워 오일,빅그린(BIGGREEN),오일,,,
1145,스킨 베리어 베이비 센시티브 샴푸 앤 바디 워시,빅그린(BIGGREEN),워시,,,
1146,스킨 베리어 베이비 센시티브 헤어 컨디셔너,빅그린(BIGGREEN),헤어케어,,,
1147,스킨 베리어 베이비 시어테라피 크림,빅그린(BIGGREEN),크림,,,
1148,스킨 베리어 베이비 유칼립투스 컴포트 마사지 오일,빅그린(BIGGREEN),오일,,,
1149,스킨 베리어 베이비 유칼립투스 컴포트 샴푸 앤 바디워시,빅그린(BIGGREEN),워시,,,
1150,스킨 베리어 베이비 페이스 앤 바디 로션,빅그린(BIGGREEN),로션,,,
1151,스킨 베리어 쥬시 키즈 페이스 마스크,빅그린(BIGGREEN),기타화장품,,,
1152,에브리데이 선크림 리무버,빅그린(BIGGREEN),워시,,,
1153,임산부 터미 크림,빅그린(BIGGREEN),크림,,,
1154,베이비 보 마일드 선 스크린,빌리프(belif),선케어,,,
1155,베이비 보 마일드 클렌징 워터,빌리프(belif),워시,,,
1156,베이비 보 선 메탈 쿠션,빌리프(belif),선케어,,,
1157,베이비 보 수딩 젤,빌리프(belif),크림,,,
1158,베이비 보 수딩 크림,빌리프(belif),크림,,,
1159,베이비 보 페이스 앤 바디 에멀전,빌리프(belif),로션,,,
1160,베이비 보 헤어 앤 바디 젠틀 워시,빌리프(belif),워시,,,
1161,마일드 워터리 선 로션,뽀롱뽀롱뽀로로(pororo),선케어,,,
1162,바디워시,뽀롱뽀롱뽀로로(pororo),워시,,,
1163,뽀로로 3in1 솔루션,뽀롱뽀롱뽀로로(pororo),워시,,,
1164,뽀로로 데일리 썬블록,뽀롱뽀롱뽀로로(pororo),선케어,,,
1165,뽀로로 버블 바스,뽀롱뽀롱뽀로로(pororo),워시,,,
1166,센텔라 바세린크림,뽀롱뽀롱뽀로로(pororo),크림,,,
1167,바디 워시,뽀스크(peausaue),워시,,,
1168,츄츄 선 팩트,뿌까(PUCCA),선케어,,,
1169,모이스트 로션,뿌르베베(POURBEBE),로션,,,
1170,샴푸 앤 바스,뿌르베베(POURBEBE),워시,,,
1171,우리 아기 물티슈,뿌르베베(POURBEBE),물티슈,,,
1172,물티슈,쁘띠앙쥬(petiange),물티슈,,,
1173,델리키트 로션,쁘띠앤베이비(petitNbaby),로션,,,
1174,델리키트 바스&샴푸,쁘띠앤베이비(petitNbaby),워시,,,
1175,델리키트 오일,쁘띠앤베이비(petitNbaby),오일,,,
1176,베이비 리치스트 크림,쁘띠푸르(PETITPUR),크림,,,
1177,베이비 아토 오일,쁘띠푸르(PETITPUR),오일,,,
1178,베이비 액티브 버블 워시,쁘띠푸르(PETITPUR),워시,,,
1179,베이비 카밍 로션,쁘띠푸르(PETITPUR),로션,,,
1180,너리싱 에브리데이 바디 로션,쁘띠플래닛(petitePLANET),로션,,,
1181,너리싱 앤 모이스쳐라이징 로션,쁘리마쥬(Primage),로션,,,
1182,다이애퍼 크림,쁘리마쥬(Primage),크림,,,
1183,유기농 2in1 바스&샴푸 알로에베라인리치트,쁘리마쥬(Primage),워시,,,
1184,유기농 고농축 세럼 (젠틀베이비세럼),쁘리마쥬(Primage),로션,,,
1185,유기농 고보습 크림 (너리싱앤모이스쳐라이징크림),쁘리마쥬(Primage),크림,,,
1186,유기농 로션 더마 프로,쁘리마쥬(Primage),로션,,,
1187,유기농 바스&샴푸 프로페셔널(2in1바스&샴푸),쁘리마쥬(Primage),워시,,,
1188,유기농 엑스트라 리치솝,쁘리마쥬(Primage),워시,,,
1189,젠틀 마사지 오일,쁘리마쥬(Primage),오일,,,
1190,내추럴키즈 2in1 샤워 앤 샴푸 센시티브[보이&걸],사노산(sanosan),워시,,,
1191,내추럴키즈 2in1 샤워 앤 샴푸[보이],사노산(sanosan),워시,,,
1192,내추럴키즈 3in1 샤워 앤 샴푸 컨디셔너[걸],사노산(sanosan),워시,,,
1193,내추럴키즈 워시 폼[걸],사노산(sanosan),워시,,,
1194,내추럴키즈 워시 폼[보이],사노산(sanosan),워시,,,
1195,내추럴키즈 이지 콤브 스프레이 (걸),사노산(sanosan),헤어케어,,,
1196,베이비 굿나잇 로션 [라벤더],사노산(sanosan),로션,,,
1197,베이비 굿나잇 바스,사노산(sanosan),워시,,,
1198,베이비 바스&샴푸,사노산(sanosan),워시,,,
1199,베이비 샴푸,사노산(sanosan),헤어케어,,,
1200,베이비 선크림,사노산(sanosan),선케어,,,
1201,베이비 수딩 크림 (발진크림Ointment),사노산(sanosan),크림,,,
1202,베이비 케어 로션,사노산(sanosan),로션,,,
1203,베이비 케어 비누,사노산(sanosan),워시,,,
1204,베이비 케어 오일,사노산(sanosan),오일,,,
1205,베이비 케어 크림,사노산(sanosan),크림,,,
1206,퓨어 센시티비 오일 바스,사노산(sanosan),워시,,,
1207,퓨어 센시티브 케어 크림,사노산(sanosan),크림,,,
1208,퓨어 센시티브 판테놀 수딩 크림,사노산(sanosan),크림,,,
1209,퓨어 센시티브 헤드 투 토 워시 로션,사노산(sanosan),워시,,,
1210,맘 & 베이비 케어 보디 로션,사봉(SABON),로션,,,
1211,맘&베이비 케어 샤워 젤,사봉(SABON),워시,,,
1212,데떼르젠떼 델리카토 베이비 마일드 클렌저,산타마리아노벨라(SantaMariaNovella),워시,,,
1213,크레마 프로테티바 베이비,산타마리아노벨라(SantaMariaNovella),크림,,,
1214,내추럴 다이애퍼 크림,산다화(SanDaWha),크림,,,
1215,내추럴 베이비 로션,산다화(SanDaWha),로션,,,
1216,모이스처라이징 베이비 크림,산타와(sandawha),크림,,,
1217,베이비 마사지 오일,산다화(SanDaWha),오일,,,
1218,베이비 소프트 포밍클린저,산다화(SanDaWha),워시,,,
1219,소프트 베이비 워시,산다화(SanDaWha),워시,,,
1220,오리지널 물티슈,삼무,물티슈,,,
1221,프리미엄 엠보싱 물티슈,삼무,물티슈,,,
1222,프리미엄 플레인 물티슈,삼무,물티슈,,,
1223,프리미엄 휴대용 물티슈,삼무,물티슈,,,
1224,베베 오렌지 블라썸 페이스 크림,상태카이(CHANTECAILLE),크림,,,
1225,바이오 콜라겐 모이스처라이징 크림 키즈,새라제나(SERAZENA),크림,,,
1226,아보카도 유아 거품 솝,샤본다마,워시,,,
1227,베이비 샴푸&바디워시,샤우마(schauma),워시,,,
1228,키즈 샴푸 앤 바디 워시[여아용],샤우마(schauma),워시,,,
1229,키즈 샴푸 앤 바디워시[남아용],샤우마(schauma),워시,,,
1230,선 키즈 내추럴 선스크린,선엄브라(sunumbra),선케어,,,
1231,아임세이프 포베이비앤실버,선티크(SUNTIQUE),선케어,,,
1232,블루밍셀 토닥 바디로션,설레임코스메틱,로션,,,
1233,블루밍셀 토닥 바디워시&샴푸,설레임코스메틱,워시,,,
1234,호호바 베이비,세라바인(Ceravine),크림,,,
1235,베이비 다이퍼래쉬크림,세바메드(sebamed),크림,,,
1236,베이비 로션,세바메드(sebamed),로션,,,
1237,베이비 립밤,세바메드(sebamed),립케어,,,
1238,베이비 바디 밀크,세바메드(sebamed),로션,,,
1239,베이비 버블바스,세바메드(sebamed),워시,,,
1240,베이비 스킨 케어 오일,세바메드(sebamed),오일,,,
1241,베이비 워시[익스트라소프트],세바메드(sebamed),워시,,,
1242,베이비 칠드런 샴푸,세바메드(sebamed),헤어케어,,,
1243,베이비 크림 익스트라소프트,세바메드(sebamed),크림,,,
1244,베이비 클렌징 바,세바메드(sebamed),워시,,,
1245,베이비 페이스&바디 워시폼,세바메드(sebamed),워시,,,
1246,베이비 프로텍티브 페이셜 크림,세바메드(sebamed),크림,,,
1247,프리미엄 물티슈,세븐맘(7evenMOM),물티슈,,,
1248,리얼 모이스처 크림,세븐바니스(SEVENBUNNYS),크림,,,
1249,baby Ultra Soothing Lotion wirh Shea Butter,세타필(Cetaphil),로션,,,
1250,데이롱 키즈 로션 포 바디 앤 페이스,세타필(Cetaphil),선케어,,,
1251,베이비 데일리 로션,세타필(Cetaphil),로션,,,
1252,베이비 마사지 오일,세타필(Cetaphil),오일,,,
1253,베이비 샴푸,세타필(Cetaphil),헤어케어,,,
1254,베이비 울트라 모이스춰라이징 워시,세타필(Cetaphil),워시,,,
1255,베이비 젠틀 워시 앤 샴푸,세타필(Cetaphil),워시,,,
1256,베이비 모이스처라이저 크림,센티폴리아(centifolia),크림,,,
1257,베이비 헤어 앤 바디 워시,센티폴리아(cenifolia),워시,,,
1258,내추럴 베이비 오일,셀라(SELLA),오일,,,
1259,베이비 로션,셀라(SELLA),로션,,,
1260,베이비비누,셀라(SELLA),워시,,,
1261,베이비크림,셀라(SELLA),크림,,,
1262,아토리페어 로션,셀라피(Cellapy),로션,,,
1263,아토리페어 인텐시브 로션,셀라피(Cellapy),로션,,,
1264,아토리페어 인텐시브 크림,셀라피(cellapy),크림,,,
1265,아토리페어 크림,셀라피(cellapy),크림,,,
1266,아기 소금쟁이 수 물티슈,소금쟁이,물티슈,,,
1267,베베러브 물티슈,소미랑(somirang),물티슈,,,
1268,베이직 물티슈,소미랑(somirang),물티슈,,,
1269,마일드 클렌징 워터,소이베베(soybebe),워시,,,
1270,모이스춰 선스틱,소이베베(soybebe),선케어,,,
1271,모이스춰 선크림,소이베베(soybebe),선케어,,,
1272,모이스춰 선팩트,소이베베(soybebe),선케어,,,
1273,베이비 로션,소이베베(soybebe),로션,,,
1274,베이비 바스,소이베베(soybebe),워시,,,
1275,베이비 수딩젤,소이베베(soybebe),크림,,,
1276,베이비 크림,소이베베(soybebe),크림,,,
1277,촉촉 수딩밤,소이베베(soybebe),크림,,,
1278,키즈 마스크 팩,소이베베(soybebe),기타화장품,,,
1279,모이스처 크림,소피루비(SofyRuby),크림,,,
1280,샤이니 립글로우 베이비옐로우,소피루비(SofyRuby),립케어,,,
1281,샤이니 립글로우 소프트레드,소피루비(SofyRuby),립케어,,,
1282,샤이니 립글로우 퓨어블루,소피루비(SofyRuby),립케어,,,
1283,샤이니 마일드 선스틱,소피루비(SofyRuby),선케어,,,
1284,샤이니 워터 선 쿠션,소피루비(SofyRuby),선케어,,,
1285,워터리 수딩 겔,소피루비(sofyruby),크림,,,
1286,카밍 선 쿠션,소피루비(SofyRuby),선케어,,,
1287,페이셜 버블 폼,소피루비(SofyRuby),워시,,,
1288,페이설 프레시 로션,소피루비(SofyRuby),로션,,,
1289,퓨어 핸드 크림,소피루비(SofyRuby),크림,,,
1290,핸드 버블 워시,소피루비(SofyRuby),워시,,,
1291,헤어 앤 바디 올인원 클렌져,소피루비(SofyRuby),워시,,,
1292,베이비 스타 로션,손지1013(sohnJi1013),로션,,,
1293,보송보송 아기 파우더,손지1013(SohnJi1013),파우더,,,
1294,프리미엄 물티슈[올록볼록],수누,물티슈,,,
1295,프리미엄 물티슈[평평판판],수누,물티슈,,,
1296,키즈 2in1 샴푸 (와일드워터멜론),수아브(Suave),헤어케어,,,
1297,파인애플 3in1,수아브(Suave),워시,,,
1298,모이스처 케어 베이비 크림,수오가닉(SuORGANIC),크림,,,
1299,너리싱 로션,수잔브라운베이비(SusanBrown'sBaby),로션,,,
1300,다이애퍼크림,수잔브라운베이비(SusanBrown'sBaby),크림,,,
1301,로션 투 파우더,수잔브라운베이비(SusanBrown'sBaby),로션,,,
1302,베이비 보테니칼 보습크림,수잔브라운베이비(SusanBrown'sBaby),크림,,,
1303,포밍 샴푸&바디워시,수잔브라운베이비(SusanBrown'sBaby),워시,,,
1304,실키 소프트 베이비 바디 로션[무향],수킨(sukin),로션,,,
1305,아이가 즐거운 유아 샴푸 앤 바스,수피아,워시,,,
1306,아이가 행복한 유아 로션,수피아,로션,,,
1307,베이비 로션,순,로션,,,
1308,베이비 밤,순,크림,,,
1309,베이비 오일,순,오일,,,
1310,베이비 워시,순,워시,,,
1311,로하스 라이트 물티슈,순둥이,물티슈,,,
1312,로하스 물티슈,순둥이,물티슈,,,
1313,베이직 무향 엠보싱 물티슈,순둥이,물티슈,,,
1314,베이직 물티슈,순둥이,물티슈,,,
1315,프리미엄 무향 엠보싱 물티슈,순둥이,물티슈,,,
1316,프리미엄 무향 플레인 물티슈,순둥이,물티슈,,,
1317,프리미엄 엠보싱 물티슈,순둥이,물티슈,,,
1318,똘이장군 더블루 물티슈,순수나라(sunsunara),물티슈,,,
1319,똘이장군 슬림 물티슈,순수나라(sunsunara),물티슈,,,
1320,아토 더마 로션,순수자아(soonsoojaa),로션,,,
1321,아토 더마 배스 앤 샴푸,순수지아(soonsoojaa),워시,,,
1322,아토 더마 선크림,순수자아(soonsoojaa),선케어,,,
1323,아토 더마 수딩 젤,순수자아(soonsoojaa),크림,,,
1324,아토 더마 크림,순수자아(soonsoojaa),크림,,,
1325,스위트 스마일 마일드 선쿠션,숨37도(SUM37),선케어,,,
1326,스위트 스마일 모이스춰라이징 로션,숨37도(sum37),로션,,,
1327,슈가베베 키즈 헤어 샴푸,슈가버블(SugarBubble),헤어케어,,,
1328,물티슈,슈가베이비(SugarBaby),물티슈,,,
1329,핑크골드 물티슈,슈베스(SUBES),물티슈,,,
1330,슈슈 매직 립 크레용 거울아거울아,슈슈페인트(ShuShuPAINT),립케어,,,
1331,슈슈 매직 립 크레용 달빛데이지,슈슈페인트(ShuShuPAINT),립케어,,,
1332,슈슈 매직 립 크레용 쁘띠루즈,슈슈페인트(ShuShuPAINT),립케어,,,
1333,슈슈 매직 립 크레용 샤방후르츠,슈슈페인트(ShuShuPAINT),립케어,,,
1334,슈슈 매직 립 크레용 오로라뿅뿅,슈슈페인트(ShuShuPAINT),립케어,,,
1335,슈퍼대디 물티슈 시그니처,슈퍼대디(Super Daddy),물티슈,,,
1336,슈퍼대디 물티슈 오리지널,슈퍼대디(Super Daddy),물티슈,,,
1337,슈퍼대디 물티슈 울트라,슈퍼대디(Super Daddy),물티슈,,,
1338,슈퍼대디 물티슈 프랜즈,슈퍼대디(Super Daddy),물티슈,,,
1339,슈퍼대디 물티슈 프리미어,슈퍼대디(Super Daddy),물티슈,,,
1340,슈퍼대디 물티슈 히어로,슈퍼대디(Super Daddy),물티슈,,,
1341,휘핑 클렌저[수박],스노우버디(SnowBuddy),워시,,,
1342,모이스춰 컴플렉스,스노우베이비(SNOWBABY),로션,,,
1343,워싱 콤플렉스,스노우베이비(SNOWBABY),워시,,,
1344,베이비 드리미 로션 오일베이스,스위스나뚜리치(SWISSNATURLICH),로션,,,
1345,코튼 블록 키즈 롤 온 선(어린왕자 에디션),스위스퓨어(SWISSPURE),선케어,,,
1346,모이스처 로션,스윽(seuk),로션,,,
1347,물티슈,스윽(seuk),물티슈,,,
1348,당나귀밀크 스카이밀크 인텐시브크림,스카이밀크(SKYMILK),크림,,,
1349,바디워시,스킨멜로우(skinmellow),워시,,,
1350,베이비 멀티플 카밍 스틱,스킨베리(skinvery),크림,,,
1351,베이비 샴푸바스,스킨베리(SKINVERY),워시,,,
1352,베이비 크림 로션,스킨베리(SKINVERY),로션,,,
1353,베이비 로션,스킨베리나뛰르(skinveryNature),로션,,,
1354,베이비 마사지 오일,스킨베리나뛰르(skinveryNature),오일,,,
1355,베이비 샴푸&바스,스킨베리나뛰르(skinveryNature),워시,,,
1356,베이비 크림,스킨베리나뛰르(skinveryNature),크림,,,
1357,탤크 프리 콤팩트 파우더,스킨베리나뛰르(skinveryNature),파우더,,,
1358,핸드메이드 베이비 비누,스킨베리나뛰르(skinverynature),워시,,,
1359,유기농 베이비 밀키 로션,스킨킹(Skin-King),로션,,,
1360,업 엠보싱 물티슈,스킨터치(SKINTOUCH),물티슈,,,
1361,엠보싱 물티슈,스킨터치(SKINTOUCH),물티슈,,,
1362,굿파더 마일드 파우더 크림,스킨푸드(SKINFOOD),크림,,,
1363,리틀 바디 로션,스킨푸드뉴질랜드(skinfoodnewzealand),로션,,,
1364,리틀 바디 오일,스킨푸드뉴질랜드(skinfoodnewzealand),오일,,,
1365,리틀 바디 워시,스킨푸드뉴질랜드(skinfoodnewzealand),워시,,,
1366,리틀 바텀 밤,스킨푸드뉴질렌드(skinfoodnewzealnd),크림,,,
1367,리틀 헤드 샴푸,스킨푸드뉴질랜드(skinfoodnewzealand),헤어케어,,,
1368,달팽이 로션(스네일모이스처퓨어로션),스킨하이(skinhi),로션,,,
1369,물에 녹는 변기 전용 물티슈,스프링클(Sprinkle),물티슈,,,
1370,프리미엄 물티슈,스프링클(Sprinkle),물티슈,,,
1371,딥 모이스춰 크림,스피루리나(Spirulina),크림,,,
1372,마일드 바디 워시&샴푸,스피루리나(Spirulina),워시,,,
1373,모이스춰 로션,스피루리나(Spirulina),로션,,,
1374,베이비 다이애퍼 크림,스피루리나(Spirulina),크림,,,
1375,베이비 에코 수딩 에센스,시드물(SIDMOOL),기타화장품,,,
1376,베이비 매직밤,시어니스트(SHEHONEST),크림,,,
1377,베이비 버블워시&샴푸,시어니스트(SHEHONEST),워시,,,
1378,베이비 크리미 로션,시어니스트(SHEHONEST),로션,,,
1379,Baby Extra Mild Wash&Shampoo,시어모이스춰(Sheamoisture),워시,,,
1380,Baby Healing Lotion [Ultra-Sensitive],시어모이스춰(SheaMoisture),로션,,,
1381,Raw Shea Butter & Argan Oil Baby Eczema Therapy,시어모이스춰(SheaMoisture),크림,,,
1382,Raw Shea Chamonmile&Argan Oil Baby Head To Toe Wash&Shampoo,시어모이스춰(SheaMoisture),워시,,,
1383,Raw shea chamomile&argan oil baby healing lotion,시어모이스춰(sheamoisture),로션,,,
1384,로우 시어버터 베이비 오일 럽,시어모이스춰(SheaMoisture),오일,,,
1385,베이비 헤드 투 토 연고,시어모이스춰(SheaMoisture),크림,,,
1386,올리브&마룰라 베이비 헤드 투 토 로션,시어모이스춰(SheaMoisture),로션,,,
1387,올리브&마룰라 베이비 헤드 투 토 워시&샴푸,시어모이스춰(SheaMoisture),워시,,,
1388,Red Nose Baby Wipes,시즈앤키즈(SidsandKids),물티슈,,,
1389,모이스처라이징 로션,시크베이비(CHICBABY),로션,,,
1390,샴푸 앤 바스,시크베이비(CHICBABY),워시,,,
1391,세이프 보습 로션,시크베이비(CHICBABY),로션,,,
1392,아토힐링 밀키 로션 (베이비 로션),쌔꿍(Ssaekkung),로션,,,
1393,베이비 모이스춰라이저,쌩텀(sanctum),로션,,,
1394,베이비 바텀 밤,쌩텀(sanctum),크림,,,
1395,베이비 샴푸 앤 워시,쌩텀(sanctum),워시,,,
1396,베이비 에프터 바쓰 로션,쏘블(sobble),크림,,,
1397,베이비 에프터 바쓰 수딩젤,쏘블(sobble),크림,,,
1398,베이비 애프터 바쓰 크림,쏘블(sobble),크림,,,
1399,베이비 애프터 바쓰 파우더 크림,쏘블(sobble),크림,,,
1400,베이비 워시 올인원,쏘블(sobble),워시,,,
1401,울트라 캡숑 키즈 선 스틱,쏭레브(SONREVE),선케어,,,
1402,키즈 샴푸 2in1,쏭레브(SONREVE),헤어케어,,,
1403,키즈 썬 밀크,쏭레브(SONREVE),선케어,,,
1404,키즈 페이셜 로션,쏭레브(SONREVE),로션,,,
1405,키즈 페이셜 클렌저,쏭레브(SONREVE),워시,,,
1406,베이비 바디 에센스 오일,씨드앤팜(Seed&Farm),오일,,,
1407,베이비 로션,씽크네이처(thinknature),로션,,,
1408,베이비 바스 앤 샴푸,씽크네이처(thinknature),워시,,,
1409,베이비 선 크림,씽크네이처(thinknature),선케어,,,
1410,베이비 크림,씽크네이처(thinknature),크림,,,
1411,물티슈,아가선율,물티슈,,,
1412,베이비 로션,아가아랑,로션,,,
1413,베이비 크림,아가아랑,크림,,,
1414,아기양 물티슈 플레인,아가양,물티슈,,,
1415,ato 베이비 로션,아기꺼(agikkeo),로션,,,
1416,ato 베이비 크림,아기꺼(agikkeo),크림,,,
1417,물티슈,아기는유기농,물티슈,,,
1418,물티슈,아기다람쥐,물티슈,,,
1419,울트라 젠틀 로션,아덴아나이스(aden+anais),로션,,,
1420,골든호호바 맘앤베이비 오일,아로마데이(AromaDay),오일,,,
1421,제리스베이비 논나노 썬쿠션,아로마티카(AROMATICA),선케어,,,
1422,제리스베이비 마일드 클렌징 워터,아로마티카(AROMATICA),워시,,,
1423,제리스베이비 샴푸&워시,아로마티카(AROMATICA),워시,,,
1424,제리스베이비 하이알루 데일리 로션,아로마티카(AROMATICA),로션,,,
1425,제리스베이비 하이알루™ 아토크림,아로마티카(AROMATICA),크림,,,
1426,맘 앤 베이비 밤,아로마틱(AROMATIC),크림,,,
1427,탱자 베이비 수딩 젤 (베이비파우더향),아리아띠(Aliatti),크림,,,
1428,베이비 오일,아모마자연주의(AMOMAnaturalcare),오일,,,
1429,베이비슬립,아모마자연주의(AMOMAnaturalcare),오일,,,
1430,카렌듈라 오일,아모마자연주의(AMOMAnaturalcare),오일,,,
1431,키즈 오일,아모마자연주의(AMOMAnaturalcare),오일,,,
1432,네이쳐 발란스 로션,아미베베(Amibebe),로션,,,
1433,네이쳐 발란스 바쓰&샴푸,아미베베(Amibebe),워시,,,
1434,소프트 파우더 크림 (발진크림),아미베베(Amibebe),크림,,,
1435,베이비 샴푸&바디 워시,아발론오가닉스(AVALONORGANICS),워시,,,
1436,아일가닉 베이비 크림,아베아(AVEA),크림,,,
1437,솔레르 유아용 선크림,아벤느(Avene),선케어,,,
1438,페디아뜨릴 기저귀크림,아벤느(Avene),크림,,,
1439,베이비 내추럴 프로텍션 선블록,아비노(Aveeno),선케어,,,
1440,베이비 더멕사 아토 나이트타임 밤,아비노(Aveeno),크림,,,
1441,베이비 더멕사 아토 바스 트리트먼트,아비노(Aveeno),워시,,,
1442,베이비 더멕사 아토 크림,아비노(Aveeno),크림,,,
1443,베이비 데일리 모이스춰 로션,아비노(Aveeno),로션,,,
1444,베이비 데일리 모이스춰라이징 워시 앤 샴푸,아비노(Aveeno),워시,,,
1445,베이비 수딩 릴리프 다이아퍼 크림,아비노(Aveeno),크림,,,
1446,베이비 수딩 릴리프 모이스처 크림,아비노(Aveeno),로션,,,
1447,베이비 수딩 릴리프 크리미 워시,아비노(Aveeno),워시,,,
1448,베이비 아토 릴리프 크림,아비노(Aveeno),크림,,,
1449,베이비 아토 모이스춰 크림,아비노(Aveeno),크림,,,
1450,베이비 아토 테라피 모이스춰라이징 크림,아비노(Aveeno),크림,,,
1451,베이비 워시&샴푸,아비노(Aveeno),워시,,,
1452,베이비 카밍 컴포트 로션,아비노(Aveeno),로션,,,
1453,베이비 카밍 컴포트 바스,아비노(Aveeno),워시,,,
1454,카밍 라벤더 키즈 폼 바스,아우라카시아(AuraCacia),워시,,,
1455,클리어링 유칼립투스 키즈 폼 바스,아우라카시아(AuraCacia),워시,,,
1456,윤기 모이스처 아토 로션,아이누리(inuri),로션,,,
1457,물티슈[핑크],아이러브베베,물티슈,,,
1458,내츄럴 아기 물티슈,아이린,물티슈,,,
1459,아기 물티슈,아이린,물티슈,,,
1460,러블리 물티슈,아이몽(imong),물티슈,,,
1461,모앤모 프리미엄 물티슈,아이몽(imong),물티슈,,,
1462,로션,아이베베(ibaebae),로션,,,
1463,워셔블 선크림,아이베베(ibaebeae),선케어,,,
1464,크림,아이베베(ibaebae),크림,,,
1465,클렌저,아이베베(ibaebae),워시,,,
1466,파우더,아이베베(ibaebae),파우더,,,
1467,아이수 그리닉 몬스터,아이수(Isoo),물티슈,,,
1468,아이수 브론 몬스터,아이수(Isoo),물티슈,,,
1469,아이수 블루니 몬스터,아이수(Isoo),물티슈,,,
1470,아이수 옐라잇 몬스터,아이수(Isoo),물티슈,,,
1471,아이수 크라운 몬스터,아이수(Isoo),물티슈,,,
1472,아이수 핑코 몬스터,아이수(Isoo),물티슈,,,
1473,데일리 모이스처 로션,아이순해(ISOONHAE),로션,,,
1474,베이비 바스 앤 샴푸,아이순해(ISOONHAE),워시,,,
1475,올 데이 아토 크림,아이순해(ISOONHAE),크림,,,
1476,올웨이즈 수딩 젤,아이순해(ISOONHAE),크림,,,
1477,크림 (모이스처라이징앤너리싱크림),아이스크림(I'scream),크림,,,
1478,페이스 앤 바디 너리싱 로션,아이와릴리프(iWarelief),로션,,,
1479,베이비토피,아이젠(iGEN),크림,,,
1480,프리미엄 물티슈,아이트리(iTREE),물티슈,,,
1481,베이비 & 마미 터치 바디 로션,아임세레느(imselene),로션,,,
1482,베이비 로션,아쿠아토(AQUATO),로션,,,
1483,베이비 크림,아쿠아토(AQUATO),크림,,,
1484,썬블럭,아쿠아토(AQUATO),선케어,,,
1485,베이비 수딩 오인트먼트,아쿠아퍼(Aquaphor),크림,,,
1486,베이비 워시&샴푸,아쿠아퍼(Aquaphor),워시,,,
1487,베어 베이비 포 인 원,아큐어(ACURE),워시,,,
1488,미라클 자연비누,아토넬(ATOKNELL),워시,,,
1489,미라클 천연비누,아토넬(ATOKNELL),워시,,,
1490,순앤수 네추럴 베이비 코코 로션,아토넬(ATOKNELL),로션,,,
1491,순애수 네추럴 베이비 코코 워시,아토넬(ATOKNELL),워시,,,
1492,바쓰&샴푸,아토마마(Atomama),워시,,,
1493,울트라 모이스쳐 로션,아토마마(Atomama),로션,,,
1494,로션,아토마유(ATOMAU),로션,,,
1495,바스앤샴푸,아토마유(ATOMAU),워시,,,
1496,크림,아토마유(ATOMAU),크림,,,
1497,플러스 크림,아토마유(ATOMAU),크림,,,
1498,물티슈[베이직],아토마일드(ATOmild),물티슈,,,
1499,물티슈[클래식],아토마일드(ATOmild),물티슈,,,
1500,물티슈[프리미엄],아토마일드(ATOmild),물티슈,,,
1501,더마 로션,아토몽드(ATOMONDE),로션,,,
1502,더마 바스 앤 샴푸,아트몽드(ATOMONDE),워시,,,
1503,더마 수더 밤,아토몽드(ATOMONDE),크림,,,
1504,더마 오일,아토몽드(ATOMONDE),오일,,,
1505,더마 크림,아토몽드(ATOMONDE),크림,,,
1506,더마 헤어 젤,아토몽드(ATOMONDE),헤어케어,,,
1507,더마수딩젤,아토몽드(ATOMONDE),크림,,,
1508,다이애퍼 카밍 크림,아토베네(ATOBENE),크림,,,
1509,데일리 리프레쉬 로션,아토베네(ATOBENE),로션,,,
1510,마일드 바스 앤 샴푸,아토베네(ATOBENE),워시,,,
1511,모이스춰라이징 크림,아토베네(ATOBENE),크림,,,
1512,수딩 앤 나이트 밤,아토베네(ATOBENE),크림,,,
1513,아쿠아 수딩 젤,아토베네(ATOBENE),크림,,,
1514,프로텍트 선 크림,아토베네(ATOBENE),선케어,,,
1515,스킨 리페어링 크림,아토베니아(Atobenia),크림,,,
1516,마일드 컴팩트 파우더,아토베베(atobebe),파우더,,,
1517,베이비 & 키즈 로션,아토베베(atobebe),로션,,,
1518,베이비 & 키즈 크림,아토베베(atobebe),크림,,,
1519,베이비&키즈 워시,아토베베(atobebe),워시,,,
1520,베이비 오투 페이셜 버블 폼,아토보스(ATOBOS),워시,,,
1521,센텔라 베이비 로션,아토보스(ATOBOS),로션,,,
1522,센텔라 베이비 수딩 젤,아토보스(ATOBOS),크림,,,
1523,센텔라 베이비 썬크림,아토보스(ATOBOS),선케어,,,
1524,인리치드 샴푸 앤 워시,아토보스(ATOBOS),워시,,,
1525,인리치드 크림,아토보스(ATOBOS),크림,,,
1526,데드 씨 데일리 로션,아토솔트팜(ATOSALTPALM),로션,,,
1527,데드 씨 헤어 앤 바디워시,아토솔트팜(ATOSALTPALM),워시,,,
1528,바디 하이브리드 티 오일,아토아토(ATOATO),오일,,,
1529,베이비 선 케어 크림(편백선크림),아토아토(ATOATO),선케어,,,
1530,편백 로션 & 크림(노프리저버티브로션&크림),아토아토(ATOATO),로션,,,
1531,편백 물비누(베이비페이스퓨어리퀴드솝),아토아토(ATOATO),워시,,,
1532,편백 바디&샴푸(내추럴버블바디&샴푸),아토아토(ATOATO),워시,,,
1533,편백수 81% 수딩젤,아토아토(ATOATO),크림,,,
1534,로션,아토엔비(ATONB),로션,,,
1535,바스&샴푸,아토엔비(ATONB),워시,,,
1536,올인원 밸런싱 오일,아토엔비(ATONB),오일,,,
1537,크림,아토엔비(ATONB),크림,,,
1538,키즈 선 팩트,아토엔비(ATONB),선케어,,,
1539,파우더 로션,아토엔비(ATONB),로션,,,
1540,무기자차 선로션,아토엔오투(ATONO2),선케어,,,
1541,무기자차 선쿠션,아토엔오투(ATONO2),선케어,,,
1542,물티슈[그린],아토엔오투(ATONO2),물티슈,,,
1543,물티슈[프리미엄],아토엔오투(ATONO2),물티슈,,,
1544,베이비 선크림,아토엔오투(ATONO2),선케어,,,
1545,베이비 아로마 오일,아토엔오투(ATONO2),오일,,,
1546,베이비 클렌징 워터,아토엔오투(AYONO2),워시,,,
1547,베이비 파우더 크림,아토엔오투(ATONO2),크림,,,
1548,손입티슈,아토엔오투(ATONO2),물티슈,,,
1549,옥시젠 물티슈[클래식],아토엔오투(ATON02),물티슈,,,
1550,옥시젠 버블 폼 플러스,아토엔오투(ATONO2),워시,,,
1551,옥시젠 베이비 로션,아토엔오투(ATONO2),로션,,,
1552,옥시젠 베이비 바스&샴푸(약산성),아토엔오투(ATONO2),워시,,,
1553,옥시젠 베이비 수딩 젤,아토엔오투(ATONO2),크림,,,
1554,옥시젠 베이비 크림,아토엔오투(ATONO2),크림,,,
1555,옥시젠 퓨어 바스&샴푸,아토엔오투(ATONO2),워시,,,
1556,로션,아토오겔(ATOOGEL),로션,,,
1557,수딩 젤,아토오겔(ATOOGEL),크림,,,
1558,크림/젤,아토오겔(ATOOGEL),크림,,,
1559,베이비 로션,아토원스(ATONCE),로션,,,
1560,베이비 바스&샴푸,아토원스(ATONCE),워시,,,
1561,베이비 수딩 젤,아토원스(ATONCE),크림,,,
1562,베이비 크림,아토원스(ATONCE),크림,,,
1563,편백 베이비 로션,아초피드(ATOCIDE),로션,,,
1564,편백 베이비 바스&바디 클렌저,아토치드(ATOCIDE),워시,,,
1565,편백 베이비 오일,아토치드(ATOCIDE),오일,,,
1566,MLE 로션,아토팜(ATOPALM),로션,,,
1567,MLE 바디 워시,아토팜(ATOPALM),워시,,,
1568,MLE 크림,아토팜(ATOPALM),크림,,,
1569,MLE 판테놀 로션,아토팜(ATOPALM),로션,,,
1570,MLE 페이스 크림,아토팜(ATOPALM),크림,,,
1571,굿나잇 카밍 오일,아토팜(ATOPALM),오일,,,
1572,그린 릴리프 선 쿠션,아토팜(ATOPALM),선케어,,,
1573,더마 수딩 크림,아토팜(ATOPALM),크림,,,
1574,더마 수딩 파우더,아토팜(ATOPALM),파우더,,,
1575,립앤치크 스틱밤,아토팜(ATOPALM),크림,,,
1576,마일드 샴푸,아토팜(ATOPALM),헤어케어,,,
1577,마일드 선크림,아토팜(ATOPALM),선케어,,,
1578,마일드 클렌징 워터,아토팜(ATOPALM),워시,,,
1579,멀티 밤,아토팜(ATOPALM),크림,,,
1580,보송 선파우더,아토팜(ATOPALM),선케어,,,
1581,선 클린 티슈,아토팜(ATOPALM),워시,,,
1582,수딩 밀크 선,아토팜(ATOPALM),선케어,,,
1583,수딩 젤 로션,아토팜(ATOPALM),로션,,,
1584,아쿠아 젤 크림,아토팜(ATOPALM),크림,,,
1585,워셔블 선로션,아토팜(ATOPALM),선케어,,,
1586,워터리 선 젤,아토팜(ATOPALM),선케어,,,
1587,일라이트 워시,아토팜(ATOPALM),워시,,,
1588,컬러 립밤 레드,아토팜(ATOPALM),립케어,,,
1589,크림 마사지 오일,아토팜(ATOPALM),크림,,,
1590,키즈 페이스 로션,아토팜(ATOPALM),로션,,,
1591,키즈 포밍 핸드 워시,아토팜(ATOPALM),워시,,,
1592,탑투토 워시,아토팜(ATOPALM),워시,,,
1593,톡톡 페이셜 선 팩트,아토팜(ATOPALM),선케어,,,
1594,판테놀 크림,아토팜(ATOPALM),크림,,,
1595,페이셜 폼 워시,아토팜(ATOPALM),워시,,,
1596,프레쉬 2in1 샴푸,아토팜(ATOPALM),헤어케어,,,
1597,세라마이드 쿨링 로션,아토피천사,로션,,,
1598,베이비 다이애퍼 크림,아토후(Atohoo),크림,,,
1599,베이비 오일,아토후(Atohoo),오일,,,
1600,프리미엄 바쓰&샴푸,아토후(Atohoo),워시,,,
1601,오푼티아 로션,아토힐(atoheal),로션,,,
1602,오푼티아 바스 앤 샴푸,아토힐(atoheal),워시,,,
1603,오푼티아 수딩젤,아토힐(atoheal),크림,,,
1604,오푼티아 크림,아토힐(atoheal),크림,,,
1605,베이비 썬 클렌징 티슈,아티슈,워시,,,
1606,프리미엄 물티슈,아티슈,물티슈,,,
1607,알파 물티슈,알라딘(aladdin),물티슈,,,
1608,베이비&업 샴푸&바디 워시[코코넛딸기],알라피아(ALAFFIA),워시,,,
1609,에브리데이 시어 베이비&업 바디 로션[레몬라벤더],알라피아(ALAFFIA),로션,,,
1610,에브리데이 시어 베이비&업 배스[레몬라벤더],알라피아(ALAFFIA),워시,,,
1611,에브리데이 시어 베이비&업 샴푸&바디 워시(레몬라벤더),알라피아(ALAFFIA),워시,,,
1612,2in1 헤어&바디 워시,알레바(alevanaturals),워시,,,
1613,기저귀 크림(수딩다이애퍼크림),알레바(alevanaturals),크림,,,
1614,데일리 수딩 모이스처라이저,알레바(alevanaturals),로션,,,
1615,베리 버블 바스,알레바(alevanaturals),워시,,,
1616,수딩 컴포트 로션,알레바(alevanaturals),로션,,,
1617,스팟 모이스처 밤,알레바(alevanaturals),크림,,,
1618,슬리핑 로션(슬립이지카밍로션),알레바(alevanaturals),로션,,,
1619,슬립 이지 헤어 앤 바디 워시,알레바(alevanaturals),워시,,,
1620,아기 물티슈[민감한피부용](밤부베이비),알레바(alevanaturals),물티슈,,,
1621,아기 물티슈[손&얼굴전용](밤부베이비),알레바(alevanaturals),물티슈,,,
1622,아기 물티슈[코전용](밤부베이비),알레바(alevanaturals),물티슈,,,
1623,카렌둘라 진정 아기크림(카렌듈라스킨레미디),알레바(alevanaturals),크림,,,
1624,오가닉 베이비 로션,알티야오가닉스(ALTEYAORGANICS),로션,,,
1625,오가닉 베이비 마사지 오일,알티야오가닉스(ALTEYAORGANICS),오일,,,
1626,오가닉 베이비 밤,알티야오가닉스(ALTEYAORGANICS),크림,,,
1627,오가닉 베이비 워시,알티야오가닉스(ALTEYAORGANICS),워시,,,
1628,오가닉 베이비 카밍 미스트,알티야오가닉스(ALTEYAORGANICS),기타화장품,,,
1629,오가닉 카밍 마사지 오일,알티야오가닉스(ALTEYAORGANICS),오일,,,
1630,오가닉 카밍 아로마틱 미스트,알티야오가닉스(ALTEYAORGANICS),기타화장품,,,
1631,오가닉 키즈&베이비 로션,알티야오가닉스(ALTEYORGANICS),로션,,,
1632,오가닉 키즈&베이비 밤,알티야오가닉스(ALTEYAORGANICS),크림,,,
1633,오가닉 키즈&베이비 워시,알티야오가닉스(ALTEYAORGANICS),워시,,,
1634,키즈 & 베이비 썬 스크린,알티야오가닉스(ALTEYAORGANICS),선케어,,,
1635,마사지 오일,알파덤(ALPADERM),오일,,,
1636,웰로스 프리미엄 물티슈,암웨이(Amway),물티슈,,,
1637,바이올렛 엠보싱 물티슈,앙블랑(enblanc),물티슈,,,
1638,베입 엠보싱 물티슈,앙블랑(enblanc),물티슈,,,
1639,인디핑크 엠보싱 물티슈,앙블랑(enblanc),물티슈,,,
1640,프리미엄 블랙 엠보싱 물티슈,앙블랑(enblanc),물티슈,,,
1641,프리미엄 카키 엠보싱 물티슈,앙블랑(enblanc),물티슈,,,
1642,화이트 엠보싱 물티슈,앙블랑(enblanc),물티슈,,,
1643,베이비 선스크린,앙비(envie),선케어,,,
1644,베이비 클렌징 티슈,앙비(envie),워시,,,
1645,에코 프렌들리 네일 폴리쉬 레드,앙비(envie),기타화장품,,,
1646,에코 프렌들리 네일 폴리쉬 쉬머펄,앙비(envie),기타화장품,,,
1647,에코 프렌들리 네일 폴리쉬 옐로우,앙비(envie),기타화장품,,,
1648,에코 프렌들리 네일 폴리쉬 코랄자몽,앙비(envie),기타화장품,,,
1649,에코 프렌들리 네일 폴리쉬 파스텔민트,앙비(envie),기타화장품,,,
1650,에코 프렌들리 네일 폴리쉬 파스텔바이올렛,앙비(envie),기타화장품,,,
1651,에코 프렌들리 네일 폴리쉬 파스텔블루,앙비(envie),기타화장품,,,
1652,에코 프렌들리 네일 폴리쉬 피치,앙비(envie),기타화장품,,,
1653,에코 프렌들리 네일 폴리쉬 핑크펄,앙비(envie),기타화장품,,,
1654,오가닉 바디 앤 헤어 클렌저,앙비(envie),워시,,,
1655,인텐시브 앤 수딩 크림,앙비(envie),크림,,,
1656,호호바 오일,앙비(envie),오일,,,
1657,앙쥬르 45 물티슈,앙쥬르(Angeur),물티슈,,,
1658,앙쥬르 55 물티슈,앙쥬르(Angeur),물티슈,,,
1659,앙쥬르 슈프림 물티슈,앙쥬르(Angeur),물티슈,,,
1660,앙쥬르 프라임 물티슈,앙쥬르(Angeur),물티슈,,,
1661,물티슈,애터미(atomy),물티슈,,,
1662,세라베베 로션,애터미(atomy),로션,,,
1663,세라베베 샴푸&바디워시,애터미(atomy),워시,,,
1664,세라베베 크림,애터미(atomy),크림,,,
1665,수딩 바텀 워시,어니스트(HONEST),워시,,,
1666,오가닉 힐링 밤,어니스트(HONEST),크림,,,
1667,컨디셔너,어니스트(HONEST),헤어케어,,,
1668,내추럴 논센트(무향)베이비 로션,얼스마마엔젤베이비(EarthMamaAngelBaby),로션,,,
1669,내추럴 니플 버터,얼스마마앤젤베이비(EarthMamaAngelBaby),크림,,,
1670,네추럴 논센트(무향)베이비워시,얼스마마앤젤베이비(EarthMamaAngelBaby),워시,,,
1671,로션,얼스마마앤젤베이비(EarthMamaAngelBaby),로션,,,
1672,민트 허벌 립밤,얼스마마엔젤베이비(EarthMamaAngelBaby),립케어,,,
1673,바텀 밤,얼스마마앤젤베이비(EarthMamaAngelBaby),크림,,,
1674,스위트 오렌지 베이비 로션,얼스마마엔젤베이비(EarthMamaAngelBaby),로션,,,
1675,스위트 오렌지 베이비워시,얼스마마앤젤베이비(EarthMamaAngelBaby),워시,,,
1676,앤젤 베이비 로션,얼스마마앤젤베이비,로션,,,
1677,앤젤 베이비 바디 워시 앤 샴푸,얼스마마앤젤베이비(EarthMamaAngelBaby),워시,,,
1678,앤젤 베이비 오일,얼스마마앤젤베이비(EarthMamaAngelBaby),오일,,,
1679,오가닉 다이어퍼밤,얼스마마엔젤베이비(EarthMamaAngelBaby),크림,,,
1680,카렌듈라 베이비 오일,얼스마마앤젤베이비(EarthMamaAngelBaby),오일,,,
1681,카밍 라벤더 바디 워시 앤 샴푸,얼스마마엔젤베이비(EarthMamaAngelBaby),워시,,,
1682,카밍 라벤더 베이비 로션,얼스마마엔젤베이비(EarthMamaAngelBaby),로션,,,
1683,카밍 라벤더 베이비 워시,얼스마마앤젤베이비(EarthMamaAngelBaby),워시,,,
1684,베이비핑크 물티슈,에띠앙(ETTIAN),물티슈,,,
1685,오리지널 플레인 물티슈[안전이],에르슈에르(AellsuAell),물티슈,,,
1686,베이비 바디 워시,에바비바(erbaviva),워시,,,
1687,베이비 로션,에바비바(erbaviva),로션,,,
1688,베이비 버터,에바비바(erbaviva),크림,,,
1689,베이비 샴푸,에바비바(erbaviva),헤어케어,,,
1690,베이비 솝,에바비바(erbaviva),워시,,,
1691,베이비 썬 스크린,에바비바(erbaviva),선케어,,,
1692,베이비 오일,에바비바(erbaviva),오일,,,
1693,베이비 워시 백(입욕제),에바비바(erbaviva),워시,,,
1694,베이비 크림,에바비바(erbaviva),크림,,,
1695,스니플즈 오거닉 체스트 밤,에바비바(erbaviva),기타화장품,,,
1696,썬 스크린 리무버,에바비바(erbaviva),워시,,,
1697,오거닉 립 앤 칙 밤,에바비바(erbaviva),립케어,,,
1698,터미 럽,에바비바(erbaviva),기타화장품,,,
1699,미베베 베이비 로션,에버미라클(EverMiracle),로션,,,
1700,베이비 로션,에브리케어(everycare),로션,,,
1701,베이비 바스 앤 샴푸,에브리케어(everycare),워시,,,
1702,베이비 수딩 젤,에브리케어(everycare),크림,,,
1703,베이비 크림,에브리케어(everycare),크림,,,
1704,베이비 헨드 솝,에브리케어(everycare),워시,,,
1705,러블리 펭귄 베이비 샴푸&워시,에스폴리오(esfolio),워시,,,
1706,예쁜 로션,에코랜드(ECOLAND),로션,,,
1707,퓨어 선 크림(순한선크림),에코랜드(ECOLAND),선케어,,,
1708,베이비 로션,에코로아(ecoroa),로션,,,
1709,베이비 오일,에코로아(ecoroa),오일,,,
1710,베이비 워시,에코로아(ecoroa),워시,,,
1711,미네랄 씨 워터 로션,에코망망(ecomanmang),로션,,,
1712,미네랄 씨 워터 워시,에코마망(ecomamang),워시,,,
1713,미네랄 씨 워터 크림,에코마망(ecomamang),크림,,,
1714,에코 맑은 물 이야기 물티슈,에코맑은물이야기,물티슈,,,
1715,베이비 세럼,에코뮤(ecomu),로션,,,
1716,샴푸 앤 바스,에코뮤(ecomu),워시,,,
1717,컴팩트 파우더,에코뮤(ecomu),파우더,,,
1718,베이비 밤,에코법스(EcoBubs),크림,,,
1719,베이비 네피 밤,에코스토어(ecostore),크림,,,
1720,베이비 로션(Baby Moisturiser),에코스토어(ecostore),로션,,,
1721,베이비 바비 버터,에코스토어(ecostore),크림,,,
1722,베이비 바디 워시,에코스토어(ecostore),워시,,,
1723,베이비 버블 배스,에코스토어(ecostore),워시,,,
1724,베이비 샴푸,에코스토어(ecostore),헤어케어,,,
1725,베이비 솝,에코스토어(ecostore),워시,,,
1726,베이비 슬리피 타임 배스,에코스토어(ecostore),워시,,,
1727,베이비 모이스춰 콤플렉스,에코어스노우(ECOERSNOW),로션,,,
1728,베이비 워싱 컴콤플렉스,에코어스노어(ECOERSNOW),워시,,,
1729,베이비 이머전시 컴플렉스,에코어스노우(ECOERSNOW),기타화장품,,,
1730,네추럴 트러블 솔루션 케어,에코자임(ecozyme),크림,,,
1731,에코 베이비 & 키즈 썬 크림 뉴트랄,에코코스메틱(ecocosmetics),선케어,,,
1732,에코 베이비 & 키즈 썬 크림,에코코스메틱(ecocosmetics),선케어,,,
1733,페이셜 크림,에코코스메틱(ecocosmetics),크림,,,
1734,아웃백 잭 아웃도어 스프레이,에코키드(ecokid),선케어,,,
1735,네이처 카스티야 솝[베이비],에코튜드(ECOTUDE),워시,,,
1736,2in1 샴푸&바디 워시 모이스춰라이저,에티튜드(ATTITUDE),워시,,,
1737,베이비 3in1 Night[아몬드밀크&바닐라향],에티튜드(ATTITUDE),워시,,,
1738,베이비3in1[무향],에티튜드(ATTITUDE),워시,,,
1739,베이비 3in1[석류&벚꽃향],에티튜드(ATTITUDE),워시,,,
1740,베이비 3in1[석류향],에티튜드(ATTITUDE),워시,,,
1741,베이비 3in1[와일드베리향],에티튜드(ATTITUDE),워시,,,
1742,베이비 3in1[페어넥타향],에티튜드(ATTITUDE),워시,,,
1743,베이비 다이애퍼 크림,에티튜드(ATTITUDE),크림,,,
1744,베이비 로션[무향],에티튜드(ATTITUDE),로션,,,
1745,베이비 로션[아몬드밀크&바닐라향],에티튜드(ATTITUDE),로션,,,
1746,베이비 로션 [페어넥타향],에티튜드(ATTITUDE),로션,,,
1747,베이비 버블 바스 Night[아몬드밀크&바닐라향],에티튜드(ATTITUDE),워시,,,
1748,베이비리브즈 2in1 워시[스위트애플],에티튜드(ATTITUDE),워시,,,
1749,베이비리브즈 2in1 워시[아몬드밀크&바닐라],에티튜드(ATTITUDE),워시,,,
1750,베이비리브즈 2in1 워시[오렌지&석류],에티튜드(ATTITUDE),워시,,,
1751,베이비리브즈 2in1 워시[페어넥타],에티튜드(ATTITUDE),워시,,,
1752,베이비리브즈 바디로션[아몬드밀크&바닐라],에티튜드(ATTITUDE),로션,,,
1753,베이비리브즈 바디로션[페어넥타],에티튜드(ATTITUDE),로션,,,
1754,베이비리브즈 버블워시[아몬드밀크&바닐라],에티튜드(ATTITUDE),워시,,,
1755,베이비리브즈 버블워시[페어넥타],에티튜드(ATTITUDE),워시,,,
1756,아토베이비 2in1 샴푸 앤 바디 포밍워시,에티튜드(ATTITUDE),워시,,,
1757,아토베이비 2in1 샴푸 앤 바디워시,에티튜드(ATTITUDE),워시,,,
1758,아토베이비 다이애퍼 크림,에티튜드(ATTITUDE),크림,,,
1759,아토베이비 딥 리페어 크림,에티튜드(ATTITUDE),크림,,,
1760,아토베이비 선 스크린,에티튜드(ATTITUDE),선케어,,,
1761,아토베이비 수딩 바디크림,에티튜드(ATTITUDE),크림,,,
1762,아토베이비 수딩 바스 입욕제,에티튜드(ATTITUDE),워시,,,
1763,아토베이비 수딩 오인트먼트,에티튜드(ATTITUDE),크림,,,
1764,아토베이비 포밍 핸드워시,에티튜드(ATTITUDE),워시,,,
1765,아토패밀리 썬스크린,에티튜드(ATTITUDE),선케어,,,
1766,유아 전용 선스크린 리무버,에티튜드(ATTITUDE),워시,,,
1767,유아 전용 선스크린[무향],에티튜드(ATTITUDE),선케어,,,
1768,유아 전용 선스크린[바닐라블로썸향],에티튜드(ATTITUDE),선케어,,,
1769,유아 전용 애프터 선 로션(카렌듈라),에티튜드(ATTITUDE),로션,,,
1770,유아 전용 페이스 썬 스틱,에티튜드(ATTITUDE),선케어,,,
1771,유아 전용 포밍 핸드 솝(만다린&피치향),에티튜드(ATTITUDE),워시,,,
1772,유아 전용 포밍 해드 솝[페어넥타향],에티튜드(ATTITUDE),워시,,,
1773,카렌듈라 크림,에티튜드(ATTITUDE),크림,,,
1774,키즈 로션,에티튜드(ATTITUDE),로션,,,
1775,키즈 바디 워시,에티튜드(ATTITUDE),워시,,,
1776,키즈 버블 바스,에티튜드(ATTITUDE),워시,,,
1777,키즈 샴푸,에티튜드(ATTITUDE),헤어케어,,,
1778,키즈 컨디셔너,에티튜드(ATTITUDE),헤어케어,,,
1779,헤어 디탱글러,에티튜드(ATTITUDE),헤어케어,,,
1780,베이비 샴푸&바디 워시,엔젤힐스(ANGELGEALS),워시,,,
1781,유기농 베이비 로션,엔젤힐스(ANGELHEALS),로션,,,
1782,베이비 샤우 샴푸,엘보라이오(L'erbolario),워시,,,
1783,베이비 엉덩이 보호 크림,엘보라리오(L'ERBOLARIO),크림,,,
1784,베이비 프로텍티브 야외용 크림,엘보라리오(L'ERBOLARIO),선케어,,,
1785,베이비 프로텍티브 크림,엘보라리오(L'ERBOLARIO),크림,,,
1786,프라임 엠보싱 물티슈,엘프레리(ELPRAIRIE),물티슈,,,
1787,프레스티지 엠보싱 물티슈,엘프레리(ELPRAIRIE),물티슈,,,
1788,프레스티지 플레인 물티슈,엘프레리(ELPRAIRIE),물티슈,,,
1789,프리미엄 엠보싱 물티슈,엘프레리(ELPRAIRIE),물티슈,,,
1790,프리미엄 플레인 물티슈,엘프레리(ELPRAIRIE),물티슈,,,
1791,물티슈,여우비,물티슈,,,
1792,베이비 바스,영키도(youngchito),워시,,,
1793,모이스춰라이징 밀크,베이비꼬꼴레(babycocole),로션,,,
1794,아티슈 물티슈,예꼬맘(Yecomam),물티슈,,,
1795,천연 프리미엄 물티슈,예심이(Yeshime),물티슈,,,
1796,예지천사 베이비(유아용)물티슈,예지미인,물티슈,,,
1797,퓨어 마일드 키즈 샴푸,오가니스트(ORGANIST),헤어케어,,,
1798,물티슈[은빛천사],오떼르말앙쥬(EauThermaleAnge),물티슈,,,
1799,베이비 UV 선크림,오르비스(ORBIS),선케어,,,
1800,스크럼셔스 베이비크림,오리지널스프라우트(OriginalSprout),크림,,,
1801,브로콜리 수분로션,오베오(obeo),로션,,,
1802,메이트리 촉촉한 베이비 로션,오보소(oboso),로션,,,
1803,메이트리 촉촉한 베이비 크림,오보소(oboso),크림,,,
1804,물티슈,오보소(oboso),물티슈,,,
1805,내츄럴 베이비&키즈 샴푸,오브리오가닉스(AUBREYORGANICS),헤어케어,,,
1806,베이비 로션,오브리오가닉스(AUBREYORGANICS),로션,,,
1807,베이비 키즈 바스 솝,오브리오가닉스(AUBREYORGANICS),워시,,,
1808,인펀트 프리미엄 물티슈,오쎄(OSSE),물티슈,,,
1809,트리 다이애퍼 크림,오씨웰(Aussiewell),크림,,,
1810,아토 포 베이비 당나귀유 크림,오울코리아(OWLKOREA),크림,,,
1811,베이비 로션,오이보스(EUBOS),로션,,,
1812,베이비 유브이 프로텍트 젤크림(썬크림),오이보스(EUBOS),선케어,,,
1813,베이비 입욕 바쓰 오일,오이보스(EUBOS),워시,,,
1814,베이비 집중 케어 크림,오이보스(EUBOS),크림,,,
1815,베이비 클렌징겔 스킨 앤 헤어,오이보스(EUBOS),워시,,,
1816,베이비 페이스 크림,오이보스(EUBOS),크림,,,
1817,베이비 프로텍티브 크림,오이보스(EUBOS),크림,,,
1818,어린이 마스크팩,오카(oka),기타화장품,,,
1819,다이애퍼 크림,오투베베(O2bebe),크림,,,
1820,로션,오투베베(o2bebe),로션,,,
1821,샴푸 앤 바스,오투베베(O2bebe),워시,,,
1822,수딩젤,오투베베(O2bebe),크림,,,
1823,멀티 밤,오투풀(OTOFULL),크림,,,
1824,베이비 오일,오투풀(OTOFULL),오일,,,
1825,내추럴 리프레쉬 키즈 선 쿠션,온더바디(ONTHEBODY),선케어,,,
1826,안심해 베이비 물티슈,온유(OnYou),물티슈,,,
1827,안심해 프리미엄 베이비 물티슈,온유(OnYou),물티슈,,,
1828,레드라벨 물티슈,올가메이드(ORGAMADE),물티슈,,,
1829,블랙라벨 물티슈,올가메이드(ORGAMADE),물티슈,,,
1830,옐로우라벨 물티슈,올가메이드(ORGAMADE),물티슈,,,
1831,연잎올가베베 물티슈[오리지널플레인],올가베베(ORGAbebe),물티슈,,,
1832,물티슈,올곧은,물티슈,,,
1833,프리미엄 물티슈,올곧은,물티슈,,,
1834,에코 소다 베이비 핸드 워시,올원(ALLONE),워시,,,
1835,우리 아기 몸에 베이비 샴푸&바디 클렌저,우리아기몸에,워시,,,
1836,No Perfume Baby zinc cream organic (노퍼퓸베이비징크크림),울테크람(URTEKRAM),크림,,,
1837,베이비 바디 버터,웨이트로즈(Waitrose),크림,,,
1838,베이비 바텀 버터,웨이트로즈(Waitrose),크림,,,
1839,베이비 샴푸,웨이트로즈(Waitrose),헤어케어,,,
1840,초유넣은 위드맘 소프트 물티슈,위드맘(WithMom),물티슈,,,
1841,페이스모아 키즈 애플 워시,위브씨앤씨(WEVECNC),워시,,,
1842,베베 끄렘라방떼,유리아쥬(URIAGE),워시,,,
1843,베베 스틱 이드라땅,유리아쥬(URIAGE),크림,,,
1844,페리오랄,유리아쥬(URIAGE),크림,,,
1845,프리미어 레,유리아쥬(URIAGE),로션,,,
1846,프리미어 체인지,유리아쥬(URIAGE),크림,,,
1847,라멜로뎀 크림,유스트(Just),크림,,,
1848,크림,유토마일드(UTOMILD),크림,,,
1849,더 미니멈 베이비 로션,이니스프리(innisfree),로션,,,
1850,더 미니멈 베이비 샴푸앤바디워시,이니스프리(innisfree),워시,,,
1851,더 미니멈 베이비 선크림,이니스프리(innisfree),선케어,,,
1852,더 미니멈 베이비 크림,이니스프리(innisfree),크림,,,
1853,퓨어 그린 베이비 로션,이니스프리(innisfree),로션,,,
1854,퓨어 그린 베이비 버블 워시,이니스프리(innisfree),워시,,,
1855,퓨어 그린 베이비 선크림,이니스프리(innisfree),선케어,,,
1856,퓨어 그린 베이비 크림,이니스프리(innisfree),크림,,,
1857,데일리 베이비 케어 선크림,이지듀(Easydew),선케어,,,
1858,베이비 스무딩 선 로션,이지듀(Easydew),선케어,,,
1859,가이아기 케어로션,이지은바를거리,로션,,,
1860,가이아기 케어오일,이지은바를거리,오일,,,
1861,가이아기 케어워시,이지은바를거리,워시,,,
1862,베이비 선크림,인디베베(INDIbebe),선케어,,,
1863,프레스티지 베베 끄렘 데스까르고,잇츠스킨(IT'SSKIN),크림,,,
1864,프레스티지 베베 바이오 로션 데스까르고,잇츠스킨(IT'SSKIN),로션,,,
1865,프레스티지 베베 바이오 밤 데스까르고,잇츠스킨(IT'SSKIN),크림,,,
1866,프레스티지 베베 바이오 선 팩트 데스까르고,잇츠스킨(IT'SSKIN),선케어,,,
1867,잇츠스킨(IT'SSKIN),프레스티지 베베 바이오 워시 데스까르고,워시,,,
1868,프레스티지 베베 바이오 크림 데스까르고,잇츠스킨(IT'SSKIN),크림,,,
1869,프레스티지 베베 수딩 젤 데스까르고,잇츠스킨(IT'SSKIN),크림,,,
1870,프레스티지 베베 오일 데스까르고,잇츠스킨(IT'SSKIN),오일,,,
1871,프리스티지 베베 워시 데스까르고,잇츠스킨(IT'SSKIN),워시,,,
1872,프레스티지 베베 티슈 데스까르고 물티슈,잇츠스킨(IT'SSKIN),물티슈,,,
1873,베이비 선크림,자연그대로,선케어,,,
1874,베이비 너리싱 실키 바디로션,자연그리고나눔(THENATURESTORY),로션,,,
1875,베이비 네추럴 다이애퍼 크림,자연그리고나눔(THENATURALSTORY),크림,,,
1876,베이비 릴리프 수딩 크림,자연그리고나눔(THENATURALSTORY),크림,,,
1877,베이비 마사지 실키 바디오일,자연그리고나눔(THENATURALSTORY),오일,,,
1878,베이비 수딩 밤,자연그리고나눔(THENATURALSTORY),크림,,,
1879,베이비&키즈 크림,자연그리고나눔(THENATURALSTORY),크림,,,
1880,아야호호 크림,자연그리고나눔(THENATURALSTORY),크림,,,
1881,베이비 기저귀 크림,자연담은유리병,크림,,,
1882,베이비 로션,자연담은 유리병,로션,,,
1883,베이비 보습 크림,자연담은유리병,크림,,,
1884,베이비 오일,자연담은유리병,오일,,,
1885,베이비 탑투토워시,자연담은유리병,워시,,,
1886,보타니아 풀꽃 맘 앤 베이비 로션,자연드림,로션,,,
1887,올퓨어 베이비 스킨 워시,자연을담은니뉴(NINU),워시,,,
1888,아기 물티슈,잭슨리스(jacksonreece),물티슈,,,
1889,버블 바스 심플리시티,잭앤질(JACKN'JILL),워시,,,
1890,소프트 베이비 바디 로션,저스트해치드(justhatched),로션,,,
1891,해피 베이비 바디 워시,저스트해치드(justhatched),워시,,,
1892,울트라 라이트 베이비 로션,제로솝(ZEROSOP),로션,,,
1893,모이스트풀 알로에베라 수딩 젤,제이스레시피(J'srecipe),크림,,,
1894,올 데이 모이스처 크림,제이스레시피(J'srecipe),크림,,,
1895,카렌듈라 스마트 케어 밤,제이스레시피(J'srecipe),크림,,,
1896,화이트 물티슈,제이웨이브(Jaywave),물티슈,,,
1897,엄마 안심 베이비 워시,제주온(JEJUON),워시,,,
1898,엄마 안심 베이비 크림,제주온(JEJUON),크림,,,
1899,수분크림 물티슈,젠틀베이비(GENTLEBABY),물티슈,,,
1900,물티슈,조은하루,물티슈,,,
1901,플로랄NO.50물티슈,조이앤로이(Zoe&Loy),물티슈,,,
1902,Baby Dream Aloe Vera,존데일(JOHNDALE),물티슈,,,
1903,99% 퓨어 콘스타치 파우더,존슨즈베이비(jonson'sbaby),파우더,,,
1904,Baby Bar,존슨즈베이비(johnson'sbaby),워시,,,
1905,Baby Skincare Wipes,존슨즈베이비(johnson'sbaby),물티슈,,,
1906,Moisture Wash With Honey Apple,존슨즈베이비(johnson'sbaby),워시,,,
1907,밀크 앤 오트 바스,존슨즈베이비(johnson'sbaby),워시,,,
1908,베드타임 로션,존슨즈베이비(johnson'sbaby),로션,,,
1909,베이비 내추럴 너리싱 로션,존슨즈베이비(johnson'sbaby),로션,,,
1910,베이비 내추럴 헤드 투 토 워시,존슨즈베이비(johnson'sbaby),워시,,,
1911,샴푸,존슨즈베이비(johnson'sbaby),헤어케어,,,
1912,수딩 내추럴 모이스처 리치 워시,존슨즈베이비(johnson'sbaby),워시,,,
1913,수딩 내추럴 모이스처 리치 포밍워시,존슨즈베이비(johnson'sbaby),워시,,,
1914,수딩 내추럴 인텐스 모이스처 크림,존슨즈베이비(johnson'sbaby),크림,,,
1915,수딩 바퍼 바스(감기바스),존슨즈베이비(johnson'sbaby),워시,,,
1916,알로에&비타민E 베이비 파우더,존슨즈베이비(jonson'sbaby),파우더,,,
1917,알로에베라&비타민E 베이비 로션,존슨즈베이비(johson'sbaby),로션,,,
1918,액티브 프레시 바스(용감바스),존슨즈베이비(johnson'sbaby),워시,,,
1919,울트라 케어 로션,존슨즈베이비(johnson'sbaby),로션,,,
1920,컨디셔닝 샴푸,존슨즈베이비(johnson'sbaby),헤어케어,,,
1921,크리미 오일,존슨즈베이비(johnson'sbaby),오일,,,
1922,화이트 로션,존슨즈베이비(johnson'sbaby),로션,,,
1923,페이스+바디로션,주니언(junion),로션,,,
1924,베이비 로션,주라이프(JOOLIFE),로션,,,
1925,베이비 수딩 배리어 크림,쥴리크(Jurlique),크림,,,
1926,베이비스 수딩 모이스쳐라이징 크림,쥴리크(Jurlique),크림,,,
1927,베이비스 수딩 버블 배스,쥴리크(Jurlique),워시,,,
1928,베이비스 젠틀 샴푸 앤바디워시,쥴리크(jurlique),워시,,,
1929,베이비스 카밍 마사지 오일,쥴리크(Jurlique),오일,,,
1930,베이비스 카밍 배스 오일,쥴리크(Jurlique),오일,,,
1931,아임낫어베이비 고트밀크 키즈 샴푸,지니더바틀(GENIETHEBOTTLE),헤어케어,,,
1932,(해외) 베이비 & 키즈 바디 밀크,지아자(ziaja),로션,,,
1933,베이비오일,지아자(ziaja),오일,,,
1934,오가닉 베이비스타 물티슈,지후맘(jihoomom),물티슈,,,
1935,베이비 바스&샴푸,찹스(CHOBS),워시,,,
1936,베이비 오일,찹스(CHOBS),오일,,,
1937,베이비 로션,찹스(CHOBS),로션,,,
1938,유기농 베이비 바디미스트,찹스(CHOBS),기타화장품,,,
1939,키즈 내추럴,챕스틱(ChapStick),립케어,,,
1940,네이처 라이트 물티슈,초로록(CHOROROC),물티슈,,,
1941,네이처 엣지 물티슈,초로록(CHOROROC),물티슈,,,
1942,오리진 라이트 물티슈,초로록(CHOROROC),물티슈,,,
1943,오리진 엣지 물티슈,초로록(CHOROROC),물티슈,,,
1944,베이비 스마일 썬 크림,초록마을,선케어,,,
1945,우리아이애목화물티슈,초록마을(CHOROCMAEUL),물티슈,,,
1946,내추럴센세이션 곰돌이 바스 클렌저,치코(CHICCO),워시,,,
1947,내추럴센세이션 기저귀크림,치코(CHICCO),크림,,,
1948,내추럴센세이션 바디로션,치코(CHICCO),로션,,,
1949,내추럴센세이션 바스샴푸,치코(CHICCO),워시,,,
1950,내추럴센세이션 바스폼,치코(CHICCO),워시,,,
1951,내추럴센세이션 페이스크림,치코(CHICCO),크림,,,
1952,네추럴센세이션 마사지오일,치코(CHICCO),오일,,,
1953,베이비모멘트 기저귀크림,치코(CHICCO),크림,,,
1954,베이비모멘트 리치크림,치코(CHICCO),크림,,,
1955,베이비모멘트 마사지오일,치코(CHICCO),오일,,,
1956,베이비모멘트 바스 앤 샴푸,치코(CHICCO),워시,,,
1957,베이비모멘트 비누,치코(CHICCO),워시,,,
1958,베이비모멘트 샴푸,치코(CHICCO),워시,,,
1959,베이비모멘트 선크림,치코(CHICCO),선케어,,,
1960,베이비모멘트 젠틀 바디 워시 앤 샴푸,치코(CHICCO),워시,,,
1961,베이비모멘트 플루이드 바디로션,치코(CHICCO),로션,,,
1962,베이비 로션,칭찬,로션,,,
1963,베이비 미스트,칭찬,기타화장품,,,
1964,베이비 샤워 에센스,칭찬,워시,,,
1965,베이비 오일,칭찬,오일,,,
1966,Baby Shampoo&Baby wash,카리나오가닉스(VARINAORGANICS),워시,,,
1967,양배추 크림 (카보크림),카보크림,크림,,,
1968,킨더크림 (HautUnd KinderCreme),카우프만(Kaufmanns),크림,,,
1969,로즈&알로에 베라 베이비 밤,캐롤프리스트(carolpriest),크림,,,
1970,슈퍼 센서티브 다이에퍼 크림,캘리포니아베이비(CALIFORNIABABY),크림,,,
1971,슈퍼 센서티브 썬스크린 로션,캘리포니아베이비(CALIFORNIABABY),선케어,,,
1972,스퀴키 클린 모이스쳐라이징 핸드 워시,캘리포니아베이비(CALIFORNIABABY),워시,,,
1973,시트로넬라 스프레이,캘리포니아베이비(CALIFORNIABABY),기타화장품,,,
1974,신생아 노프라그란스(무향)샴푸 앤 바디 워시,캘리포니아베이비(CALIFORNIABABY),워시,,,
1975,알로에 앤 아니카 수딩 스프레이,캘리포니아베이비(CALIFORNIABABY),기타화장품,,,
1976,에브리데이 이어 라운드,캘리포니아베이비(CALIFORNIABABY),선케어,,,
1977,오가닉 베이비 너리싱 오일,CPN(캘리포니아퓨어내추럴),오일,,,
1978,오버 타이어드 앤 크랭키 에브리데이 로션,캘리포니아베이비(CALIFORNIABABY),로션,,,
1979,오버타이어드 앤 크랭키 샴푸 앤 바디워시,캘리포니아베이비(CALIFORNIABABY),워시,,,
1980,유칼립투스 이즈 마사지 오일,캘리포니아베이비(CALIFORNIABABY),오일,,,
1981,유칼립투스 이즈 버블 바쓰,캘리포니아베이비(CALIFORNIABABY),워시,,,
1982,카렌듈라 샴푸 앤 바디 워시,캘리포니아베이비(CALIFORNIABABY),워시,,,
1983,카렌듈라 에브리데이 로션,캘리포니아베이비(CALIFORNIABABY),로션,,,
1984,카렌듈라 크림,캘리포니아베이비(CALIFORNIABABY),크림,,,
1985,카렌듈라 헤어 컨디셔너,캘리포니아베이비(CALIFORNIABABY),헤어케어,,,
1986,카밍 다이퍼 에리어 워시,캘리포니아베이비(CALIFORNIABABY),워시,,,
1987,카밍 파우더,캘리포니아베이비(CALIFORNIABABY),파우더,,,
1988,티트리 앤 라벤더 샴푸 앤 바디 워시,캘리포니아베이비(CALIFORNIABABY),워시,,,
1989,프렌치 라벤더 퓨어 오일,캘리포니아베이비(CALIFORNIABABY),오일,,,
1990,닥터 아토파파 프림로즈 바디크림,캣치바이손유나(CATCHBYSONYOUNA),크림,,,
1991,베리베리 키즈 선블록,케어존(CAREZONE),선케어,,,
1992,베리베리 키즈 아토 로션,케어존(CAREZONE),로션,,,
1993,베리베리 키즈 워시,케어존(CAREZONE),워시,,,
1994,베이비 크림,케어존(CAREZONE),크림,,,
1995,네이처프리 베이직 물티슈,케이맘(K-MOM),물티슈,,,
1996,베이비 로션,켈라파오가닉스(KELAPAORGANICS),로션,,,
1997,베이비 크림,켈라파오가닉스(KELAPAORGANICS),크림,,,
1998,발효녹두 순한 베베 로션,코리아나(Coreana),로션,,,
1999,발효녹두 순한베베 센시케어 크림 플러스,코리아나(Coreana),크림,,,
2000,발효녹두 순한베베 크림,코리아나(Coreana),크림,,,
2001,038 페이스 앤 바디 크림,코리인제이아일랜드(koriinjisland),크림,,,
2002,A soap,코리인제이아일랜드(koriinJisland),워시,,,
2003,M soap,코리인제이아일랜드(KoriinJisland),워시,,,
2004,PM 2.5베베 클린워시,코리인제이아일랜드(KoriinJisland),워시,,,
2005,S soap,코리인제이아일랜드(KoriinJisland),워시,,,
2006,w soap,코리인제이아일랜드(KoriinJisland),워시,,,
2007,베이비 다이퍼 이너 클렌저,코리인제이아일랜드(koriinjisland),워시,,,
2008,시트로넬라 베이비 미스트,코리인제이아일랜드(koriinJisland),기타화장품,,,
2009,호오스 스팟 오일 포 베이비 앤 키즈,코리인제이아일랜드(koriinJisland),오일,,,
2010,베이비 울트라 프로텍티브 헤어&바디 워시,코린드팜(CORINDERFARME),워시,,,
2011,키즈 헤어&바디워시 포 걸,코린드팜(CORINDERFARME),워시,,,
2012,베이비 로션,코스베베(cosbebe),로션,,,
2013,베이비 탑 투 토 워시,코스베베(cosbebe),워시,,,
2014,물티슈[블루],코코랑(CocoRang),물티슈,,,
2015,베이비 로션,코코몽(COCOMONG),로션,,,
2016,베이비 버블 워시,코코몽(COCOMONG),워시,,,
2017,베이비 크림,코코몽(COCOMONG),크림,,,
2018,베이직 물티슈,코코토토(cocototo),물티슈,,,
2019,Water Babies Sunscreen Lotion,코퍼톤(Coppertone),선케어,,,
2020,Baby Mineral Sunscreen Unscented Moisturizer[SPF50](베이비미네랄선스크린언센티드모이스처라이저),쿨라(COOLA),선케어,,,
2021,헬스오일 베이비&칠드런,쿱(coop),오일,,,
2022,베이비 모이스처 에브리데이 로션,큐래쉬(Curash),로션,,,
2023,프래그런스 프리 베이비 와이프 물티슈,큐래쉬(Curash),물티슈,,,
2024,수딩 젤,큐어랑(Curerang),크림,,,
2025,베이비 세라마이드 로션,큐템(cutem),로션,,,
2026,수피아 물티슈[봄],큐핏(Cupic),물티슈,,,
2027,맘 앤 베이비 밤,크로아티카(CROATICA),크림,,,
2028,마이비데 키즈 물티슈,크리넥스(Kleenex),물티슈,,,
2029,소프트엠보싱 물티슈,크리넥스(Kleenex),물티슈,,,
2030,크리멜로 아기 물티슈,크린랲(CLEANWRAP),물티슈,,,
2031,넘버원 프리미엄 물티슈[민트],클레보스(CLEVOS),물티슈,,,
2032,넘버원 프리미엄 물티슈[바이올렛],클레보스(CLEVOS),물티슈,,,
2033,넘버원 프리미엄 물티슈[스노우],클레보스(CLEVOS),물티슈,,,
2034,넘버원 프리미엄 물티슈[스카이],클레보스(CLEVOS),물티슈,,,
2035,베이비 물티슈[바이올렛],클레보스(CLEVOS),물티슈,,,
2036,베이비 물티슈[스카이],클레보스(CLEVOS),물티슈,,,
2037,프로캄 베베 베이비 로션,클레어테라피(CLAIRTHERAPIE),로션,,,
2038,프로캄 베베 베이비 크림,클레어테라피(CLAIRTHERAPIE),크림,,,
2039,프로캄 베베 샴푸 앤 바쓰,클레어테라피(CLAIRTHERAPIE),워시,,,
2040,모이스쳐라이징 크림,클로란베베(bebeKLORANE),크림,,,
2041,베이비 내추럴 오일,키덤스(KIDDUMS),오일,,,
2042,베이비 수딩 로션,키덤스(KIDDUMS),로션,,,
2043,베이비 오가닉 미스트,키덤스(KIDDUMS),기타화장품,,,
2044,베이비 인텐스 크림,키덤스(KIDDUMS),크림,,,
2045,베이비 헤어&바디 마일드 워시,키덤스(KIDDUMS),워시,,,
2046,너처링 베이비 크림 포 훼이스 앤드 바디,키엘(Kiehl's),크림,,,
2047,맘 앤 베이비 오일,키엘(Kiehl's),오일,,,
2048,베이비 립 밤,키엘(Kiehl's),립케어,,,
2049,베이비 젠틀 헤어 앤 바디 워시,키엘(Kiehl's),워시,,,
2050,베이비 샴푸 앤 바스,킨더퍼페츠(KindedrPuppets),워시,,,
2051,베이비 유기농 오일,킨더퍼페츠(KinderPuppets),오일,,,
2052,베이비로션,킨더퍼페츠(KinderPuppets),로션,,,
2053,베이비수딩젤,킨더퍼페츠(KinderPuppets),크림,,,
2054,베이비크림,킨더퍼페츠(KinderPuppets),크림,,,
2055,이지 힙 미스트,킨더퍼페츠(KinderPuppets),기타화장품,,,
2056,프리미엄 아기 물티슈[레드],킨도(kindoh),물티슈,,,
2057,리프레싱 퍼밍 밀크,테안(Teane),로션,,,
2058,퍼스트 케어 예비맘 크림,테안(Teane),크림,,,
2059,마사지 오일,테퍼(Topfer),오일,,,
2060,베이비 케어 바디 로션,테퍼(Topfer),로션,,,
2061,베이비케어 샴푸,테퍼(Topfer),헤어케어,,,
2062,내추럴스 산양유 베이비 로션,토니모리(TONYMORY),로션,,,
2063,내추럴스 산양유 베이비 버블 워시,토니모리(TONYMOLY),워시,,,
2064,내추럴스 산양유 베이비 크림,토니모리(TONYMOLY),크림,,,
2065,유브이 마스터 키즈 앤 맘 선크림,토니모리(TONYMOLY),선케어,,,
2066,포켓몬_피카츄 키즈 앤 맘 보습 에멀전,토니모리(TONYMOLY),로션,,,
2067,피카츄 키즈 앤 맘 보습 토너,토니모리(TONYMOLY),기타화장품,,,
2068,토디앙 네이처그린 물티슈,토디앙(toddien),물티슈,,,
2069,아기 로션,토루토루(Torutoru),로션,,,
2070,아기 크림,토루토루(Torutoru),크림,,,
2071,아기샴푸앤바디워시,토루토루(Torutoru),워시,,,
2072,플러스 물티슈,톨라보니보니(TORLABonnyBonny),물티슈,,,
2073,기저귀 크림,트루디(Trudi),크림,,,
2074,밀크비누,트루디(Trudi),워시,,,
2075,트루디(Trudi),바디워시&샴푸,워시,,,
2076,베스밀크,트루디(Trudi),워시,,,
2077,수분크림,트루디(Trudi),크림,,,
2078,침독 크림,트루디(Trudi),크림,,,
2079,베이비 샴푸&바디 워시,트루자임(Truezyme),워시,,,
2080,베이비 페이스&바디 로션,트루자임(Truezyme),로션,,,
2081,너리싱 오일,트룰리랩포베이비(TrulyLabforBaby),오일,,,
2082,마누카 멀티밤,트룰리랩포베이비(TrulyLAbforBaby),크림,,,
2083,카밍 크림,트룰리랩포베이비(TrulyLAbforBaby),크림,,,
2084,헤드앤토 워시,트롤리랩포베이비(TrulyLabforBaby),워시,,,
2085,물티슈,트윙클워터(TwinkleWater),물티슈,,,
2086,아이 선크림 쿠션,티니티나(TiniTina),선케어,,,
2087,릴 페이스 버터스틱 (코코아스틱밤),파머스(PALMER'S),크림,,,
2088,베이비 버터 로션,파머스(PALMER'S),로션,,,
2089,베이비 엉덩이크림,파머스(PALMER'S),크림,,,
2090,헤드투토오 베이비워시,파머스(PALMER'S),워시,,,
2091,코니 유기농 오곡 발효 유아 로션,팜그레인(FARMGRAIN),로션,,,
2092,코니 유기농 오곡 발효 유아 헤어&바디클렌져,팜그레인(FARMGRAIN),워시,,,
2093,더순한 아토 오일,팜트리(PHARMTREE),오일,,,
2094,더순한 포밍워시,팜트리(PHARMTREE),워시,,,
2095,가시대나무 아기 썬크림,패티플랜(PettyFlen),선케어,,,
2096,발효동백씨앗오일 아기 칙&립 밤,패티플랜(PettyFlen),립케어,,,
2097,세븐오리진스 수딩 맥스 베이비 로션,패티플랜(PettyFlen),로션,,,
2098,쐐기풀&인도멀구슬나무 아기샴푸,패티플랜(PettyFlen),헤어케어,,,
2099,아마씨 아기 볼살 밤,패티플랜(PettyFlen),크림,,,
2100,아토 아르간 & 알로에 베이비 로션,패티플랜(PettyFlen),로션,,,
2101,아토 알로에&카렌듈라 베이비 워시,패티플랜(PettyFlen),워시,,,
2102,오가닉 베이비 브레스이지 오인트먼트,패티플랜(PettyFlen),크림,,,
2103,인도유향 아기 엉덩이 밤,패티플랜(PettyFlen),크림,,,
2104,카렌듈라&알로에 베이비 워시,패티플랜(PettyFlen),워시,,,
2105,Baby Wipes Sensitive,팸퍼스(Pampers),물티슈,,,
2106,굿 나잇 베스,페나텐(PENATEN),워시,,,
2107,기저귀 발진 크림,페나텐(PENATEN),크림,,,
2108,배스&샴푸,페나텐(PENATEN),워시,,,
2109,베이비 다이애퍼 크림,페나텐(PENATEN),크림,,,
2110,베이비 밀크 로션,페나텐(PENATEN),로션,,,
2111,베이비 비누,페나텐(PENATEN),워시,,,
2112,베이비 샴푸,페나텐(PENATEN),헤어케어,,,
2113,베이비 카모마일 바스,페나텐(PENATEN),워시,,,
2114,베이비 크림,페나텐(PENATEN),크림,,,
2115,수딩 내츄럴 인텐시브 로션,페나텐(PENATEN),로션,,,
2116,울트라 센서티브 물티슈,페나텐(PENATEN),물티슈,,,
2117,울트라 센서티비 바스 앤 샴푸,페나텐(PENATEN),워시,,,
2118,인텐시브 알로에베라 오일,페나텐(PENATEN),오일,,,
2119,2세대 세자린 물티슈,페넬로페(Penelope),물티슈,,,
2120,2세대 스트롬볼리 물티슈,페넬로페(Penelope),물티슈,,,
2121,바이탈 릴리로즈 물티슈,페넬로페,물티슈,,,
2122,바이탈 세자린 물티슈,페넬로페(Penelope),물티슈,,,
2123,바이탈 스트롬볼리 물티슈,페넬로페(Penelope),물티슈,,,
2124,바이탈 알레 물티슈,페넬로페(Penelope),물티슈,,,
2125,손과 입 물티슈,페넬로페(Penelope),물티슈,,,
2126,프르미에 100 셀룰로오즈 물티슈,페넬로페(Penelope),물티슈,,,
2127,프르미에 로제 물티슈,페넬로페(Penelope),물티슈,,,
2128,프르미에 마누카 물티슈,페넬로페(Penelope),물티슈,,,
2129,프르미에 아마란스 물티슈,페넬로페(Penelope),물티슈,,,
2130,프르미에 퀴노아 물티슈,페넬로페(Penelope),물티슈,,,
2131,프르미에 포레 물티슈,페넬로페(Penelope),물티슈,,,
2132,리셀류 베베푸 베이비 샴푸 앤 워시,편백숲나라,워시,,,
2133,바스 앤 샴푸,포리포레(foriforet),워시,,,
2134,베이비 크림,포리포레(foriforet),크림,,,
2135,보습크림,포리포레(foriforet),크림,,,
2136,아쿠아 수딩 겔,포리포레(foriforet),크림,,,
2137,베이비 소프트 크림 (MiklePflegeFurZarteBabyhaut),포유어베이비(4yourBABY),크림,,,
2138,베이비 로션,포카우팜(FOURCOWFARM),로션,,,
2139,네츄럴 로션,포코포코(POCOPOCO),로션,,,
2140,네추렬 워시,포코포코(POCOPOCO),워시,,,
2141,베이비 기저귀 크림,포포(PAWPAW),크림,,,
2142,베이비 로션,포포(PAWPAW),로션,,,
2143,베이비 바스,포포(PAWPAW),워시,,,
2144,베이비 밤,포포(PAWPAW),크림,,,
2145,베이비 샴푸 앤 바디워시,포포(PAWPAW),워시,,,
2146,베이비 샴푸,포포(PAWPAW),헤어케어,,,
2147,베이비 오일,포포(PAWPAW),오일,,,
2148,베이비 크림,포포(PAWPAW),크림,,,
2149,바텀 파우더 밤,포피네(Peaufinee),파우더,,,
2150,베이비 앤 키즈 선크림,포피네(Peaufinee),선케어,,,
2151,베이비 크리미 딥 폼,포피네(Peaufinee),워시,,,
2152,세라마일드 선 쿠션,포피네(Peaufinee),선케어,,,
2153,에센셜 플루이드 미스트,포피네(Peaufinee),기타화장품,,,
2154,올인원 포밍 워시,포피네(Peaufinee),워시,,,
2155,카밍 마사지 오일,포피네(Peaufinee),오일,,,
2156,프레쉬 클렌징 스킨,포피네(Peaufinee),워시,,,
2157,프로텍티브 크림,포피네(Peaufinee),크림,,,
2158,프리미엄 물티슈,폴앤비비(Paul&vivi),물티슈,,,
2159,러브 베이비 젠틀 워시,풀무원로하스(PULLMUONELOHAS),워시,,,
2160,러브 베이비 퓨어 로션,풀무원로하스(PULLMUONELOHAS),로션,,,
2161,세라마이드 베이비로션,풀비채(Pulbiche),로션,,,
2162,세라마이드 샴푸&워시,풀비채(Pulbiche),워시,,,
2163,베이비 샴푸&바디 워시,풀빛고운,워시,,,
2164,순한 베이비 로션,풀빛고운,로션,,,
2165,내추럴 베이비 샴푸&바디워시,퓨라시(Puracy),워시,,,
2166,오가닉 베이비 로션,퓨라시(Puracy),로션,,,
2167,바스 앤 샴푸,퓨레스트,워시,,,
2168,베이비 로션,퓨레스트(PUREST),로션,,,
2169,베이비 크림,퓨레스트(PUREST),크림,,,
2170,수딩 젤,퓨레스트(PUREST),크림,,,
2171,마일드 베이비 다이어퍼 크림,퓨레시(PURESH),크림,,,
2172,마일드 베이비 로션,퓨레시(PURESH),로션,,,
2173,마일드 베이브 샴푸 앤 바디워시,퓨레시(Puresh),워시,,,
2174,아임 키즈 보습 로션,퓨어가닉(PUREGANIC),로션,,,
2175,아임 키즈 선 파우더 밤,퓨어가닉(PUREGANIC),선케어,,,
2176,아임 키즈 시원한 페이셜 폼,퓨어가닉(PUREGANIC),워시,,,
2177,아임 키즈 야외놀이 선크림,퓨어가닉(PUREGANIC),선케어,,,
2178,아임 키즈 찰랑찰랑 2in1 샴푸,퓨어가닉(PUREGANIC),헤어케어,,,
2179,아임키즈 부드러운 샴푸,퓨어가닉(PUREGANIC),헤어케어,,,
2180,에코 로션 베이비,퓨어가닉(PUREGANIC),로션,,,
2181,에코 크림 베이비,퓨어가닉(PUREGANIC),크림,,,
2182,키즈 보들보들 워시,퓨어가닉(pureganic),워시,,,
2183,실키모이스춰라이징 로션,퓨어비비(PureBbee),로션,,,
2184,프로텍티브 내피 & 수딩 크림,퓨어비비(PureBbee),크림,,,
2185,바스 앤 샴푸,퓨어아리아(PUREARIA),헤어케어,,,
2186,아리아베 로션,퓨어아리아(PUREARIA),로션,,,
2187,아리아베 수딩 젤,퓨어아리아(PUREARIA),크림,,,
2188,아리아베 크림,퓨어아리아(PUREARIA),크림,,,
2189,모이스처라이징 로션,퓨어엠(PUREM),로션,,,
2190,바디워시,퓨어엠(PUREM),워시,,,
2191,수딩 젤,퓨어엠(PUREM),크림,,,
2192,큐어 밤,퓨어엠(PUREM),크림,,,
2193,프리미엄 물티슈,퓨어오가닉(PUREORGANIC),물티슈,,,
2194,베이퍼 밤,퓨어파파야케어(P'UREPAPAYACARE),크림,,,
2195,파파야 리뉴 크림,퓨어파파야케어(P'UREPAPAYACARE),크림,,,
2196,파파야 오인트먼트 (포포크림),퓨어파파야케어(구.파이토케어)(P'UREPAPAYACARE),크림,,,
2197,네츄럴 데일리 베이비 로션,퓨엣베이비(PUETBABY),로션,,,
2198,키즈 버블 손세정제,퓨엣베이비(PUETBABY),기타화장품,,,
2199,베이비 로션,퓨잉(puuing),로션,,,
2200,샴푸 앤 바스,퓨잉(puuing),워시,,,
2201,시크릿 로션,퓨토(putto),로션,,,
2202,시크릿 리퀴드 겔,퓨토(putto),크림,,,
2203,시크릿 리퀴드,퓨토(putto),기타화장품,,,
2204,시크릿 물티슈,퓨토(putto),물티슈,,,
2205,퓨토(putto),시크릿 버블바스,워시,,,
2206,시크릿 샴푸 앤 버스,퓨토(putto),워시,,,
2207,시크릿 선 스크린,퓨토(putto),선케어,,,
2208,시크릿 선 스틱,퓨토(putto),선케어,,,
2209,시크릿 수딩젤,퓨토(putto),크림,,,
2210,시크릿 오일 겔,퓨토(putto),오일,,,
2211,시크릿 크림,퓨토(putto),크림,,,
2212,시크릿 클렌징 워터,퓨토(putto),워시,,,
2213,시크릿 파우더 크림,퓨토(putto),크림,,,
2214,시크릿 포레스트 아로마 로션,퓨토(putto),로션,,,
2215,시크릿 포레스트 아로마 크림,퓨토(putto),크림,,,
2216,시크릿 폼 워시,퓨토(putto),워시,,,
2217,아토 시크릿 선 스크린,퓨토(putto),선케어,,,
2218,테라피 엔젤 레시피 로션,퓨토(putto),로션,,,
2219,테라피 엔젤 레시피 리퀴드겔,퓨토(putto),크림,,,
2220,테라피 엔젤 레시피 샴푸앤린스,퓨토(putto),헤어케어,,,
2221,테라피 엔젤 레시피 선스크린,퓨토(putto),선케어,,,
2222,테라피 엔젤 레시피 크림,퓨토(putto),크림,,,
2223,테라피 엔젤 레시피 톡톡바스,퓨토(putto),워시,,,
2224,로션,퓨토큐어(puttocure),로션,,,
2225,바스앤샴푸,퓨토큐어(PUTTOCURE),워시,,,
2226,수딩젤,퓨토큐어(PUTTOCURE),크림,,,
2227,크림,퓨토큐어(PUTTOCURE),크림,,,
2228,퍼펙트 네이처 키즈 왁스,프라로마(praroma),헤어케어,,,
2229,더마 아토 로션,프라젠트라(PLAGENTRA),로션,,,
2230,더마 아토 마일드 워시,프라젠트라(PLAGENTRA),워시,,,
2231,더마 아토 크림,프라젠트라(PRAGENTRA),크림,,,
2232,베이비 로션,프라젠트라(PLAGENTRA),로션,,,
2233,베이비 버블 워시,프라젠트라(PLAGENTRA),워시,,,
2234,베이비 수딩 릴리프 크림,프라젠트라(PLAGENTRA),크림,,,
2235,베이비 썬 리무버,프라젠트라(PLAGENTRA),워시,,,
2236,베이비 썬시티 크림,프라젠트라(PLAGENTRA),선케어,,,
2237,베이비 크림,프라젠트라(PLAGENTRA),크림,,,
2238,베이비 헤어 앤 바디 워시,프라젠트라(PLAGENTRA),워시,,,
2239,드림인맘 베이비 로션,프럼네이쳐(FROMNATURE),로션,,,
2240,드림인맘 베이비 크림,프럼네이처(FROMNATURE),크림,,,
2241,드림인맘 베이비 헤어&바디워시,프럼네이처(FROMNATURE),워시,,,
2242,킵마이 베이비 수딩크림 페이스 앤 바디,프로스틴(FROSTIEN'S),크림,,,
2243,킵마이 베이비 카밍클렌저 샴푸 앤 워시,프로스틴(FROSTINE'S),워시,,,
2244,베이비 릴랙싱 오일,프리메라(primera),오일,,,
2245,베이비 마일드 포밍 샴푸,프리메라(primera),헤어케어,,,
2246,베이비 선 쿠션,프리메라(primera),선케어,,,
2247,베이비 선 클렌징 티슈,프리메라(primera),워시,,,
2248,베이비 선크림[SPF31],프리메라(primera),선케어,,,
2249,베이비 선크림[SPF40],프리메라(primera),선케어,,,
2250,베이비 아토트리트 크림,프리메라(primera),크림,,,
2251,베이비 클린 워시,프리메라(primera),워시,,,
2252,베이비 페이셜 워시,프리메라(primera),워시,,,
2253,베이비 퓨어 로션,프리메라(primera),로션,,,
2254,더 마사지 오일 베이비,프와몽드(foimonde),오일,,,
2255,피치 & 망고 올인원 크림 (복숭아망고모이스쳐라이징크림),플래닛키드(PLANETKID),크림,,,
2256,미니 베이직 아기 물티슈,플로랑스(FLORANGS),물티슈,,,
2257,베이직 아기 물티슈,플로랑스(FLORANGS),물티슈,,,
2258,스페셜 아기 물티슈,플로랑스(FLORANGS),물티슈,,,
2259,Q10플러스[시프레],피부의휴일,워시,,,
2260,센스 델리케이트 샴푸,피에르파올리(pierpaoli),헤어케어,,,
2261,필라그린 베이비 로션,피에이치드롭(Ph.Drop),로션,,,
2262,필라그린 베이비 워시,피에이치드롭(Ph.drop),워시,,,
2263,라이트 물티슈,피카부(PeeCaBoo),물티슈,,,
2264,모이스쳐라이징 로션,피타파타(pittapatta),로션,,,
2265,버블버블 베이비 샴푸 앤 배스,피터래빗(PETERRABBIT),워시,,,
2266,베이비 에센스,피터래빗(PETERRABBIT),로션,,,
2267,베이비크림,피터래빗(PETERRABBIT),크림,,,
2268,오인트먼트 크림,피터래빗(PETERRABBIT),크림,,,
2269,카밍 오일,피터래빗(PETERRABBIT),오일,,,
2270,마사지 앤 입욕 오일,핀덴스킨베베(findenskinbebe),워시,,,
2271,모이스춰 로션,핀덴스킨베베(findenskinbebe),로션,,,
2272,모이스춰크림,핀덴스킨베베(findenSkinBeBe),크림,,,
2273,물티슈[프리미엄],핀덴스킨베베(findenSkinBeBe),물티슈,,,
2274,베이비마데카식애씨드 크림 (빨개요크림),핀덴스킨베베(findenSkinBeBe),크림,,,
2275,샴푸앤바스,핀덴스킨베베(findenskinbebe),워시,,,
2276,엑스트라 수딩 젤 크림,핀덴스킨베베(findenskinbebe),크림,,,
2277,클리어 선크림,핀덴스킨베베(findenSkinBeBe),선케어,,,
2278,데일리 선로션,핑거스푼(FingerSpoon),선케어,,,
2279,데일리순 크림,핑거스푼(FingerSpoon),크림,,,
2280,수딩순 바스,핑거스푼(FIngerSpoon),워시,,,
2281,카밍순 미스트,핑거스푼(FingerSpoon),기타화장품,,,
2282,큐어순 밤,핑거스푼(FingerSpoon),크림,,,
2283,큐어순 베이비 밤,핑거스푼(FingerSpoon),크림,,,
2284,라이트 물티슈,하늘수(HANULSOO),물티슈,,,
2285,센서티브 물티슈,하늘수(HANULSOO),물티슈,,,
2286,퓨어 물티슈,하늘수(HANULSOO),물티슈,,,
2287,프리미엄 물티슈,하늘수(HANULSOO),물티슈,,,
2288,아이럽 베이비 토탈 로션,하린(harin),로션,,,
2289,아이럽 베이비 토탈 워시,하린(harin),워시,,,
2290,사랑해 물티슈,하얀봄(HaYanBOM),물티슈,,,
2291,하이버블워시탑투토,하이맘(himom),워시,,,
2292,굿 데이 모이스춰 로션,하이맘베이비(Himombaby),로션,,,
2293,굿 데이 인텐시브 크림,하이맘베이비(Himombaby),크림,,,
2294,굿 데이 포밍 워시,하이맘베이비(Himombaby),워시,,,
2295,온리우먼 청결 물티슈,한나패드(hannahpad),물티슈,,,
2296,한방이물티슈[STEP1],한방이(Hanbang-i),물티슈,,,
2297,솜구름 순면 물티슈,한살림,물티슈,,,
2298,아기순비누,한살림,워시,,,
2299,아쿠아 물티슈,한수위(hansooWe),물티슈,,,
2300,클래식 물티슈,한수위(hasooWe),물티슈,,,
2301,디보 천연 베이비 오일,한케이(HANKEI),오일,,,
2302,그린 선 워시,함소아(HAMSOA),워시,,,
2303,그린 선로션,함소아(HAMSOA),선케어,,,
2304,베키 샴푸,함소아(HAMSOA),헤어케어,,,
2305,선 로션[SPF35],함소아(HAMSOA),선케어,,,
2306,아토비 메디 로션,함소아(HAMSOA),로션,,,
2307,아토비 메디 배스&샴푸,함소아(HAMSOA),워시,,,
2308,유유 다이애퍼 크림,함소아(HAMSOA),크림,,,
2309,유유 더마 119 크림,함소아(HAMSOA),크림,,,
2310,유유 더마 119밤,함소아(HAMSOA),크림,,,
2311,유유 퓨어 마일드 워시,함소아(HAMSOA),워시,,,
2312,유유 퓨어 마일드 포밍 워시,함소아(HAMSOA),워시,,,
2313,버블 바스[페퍼민트],해피루시(HappyLucy),워시,,,
2314,버블 바스[라벤더],해피루시(HappyLucy),워시,,,
2315,인텐시브 모이스쳐 로션,해피루시(HappyLucy),로션,,,
2316,내추럴 베이비 선크림,해피바스(HAPPYBATH),선케어,,,
2317,비오 베베 릴리프 바스,해피바스(HAPPYBATH),워시,,,
2318,비오 베베 수딩 로션 (5FREE),해피바스(HAPPYBATH),로션,,,
2319,비오 베베 클린 샴푸,해피바스(HAPPYBATH),헤어케어,,,
2320,비오 키즈 데일리 선밀크,해피바스(HAPPYBATH),선케어,,,
2321,비오키즈 퓨어 페이셜 워시,해피바스(HAPPYBATH),워시,,,
2322,해피 키즈 선 스프레이,해피바스(HAPPYBATH),선케어,,,
2323,해피 키즈 야외 놀이 선크림,해피바스(HAPPYBATH),선케어,,,
2324,해피 키즈 정말 촉촉한 로션,해피바스(HAPPYBATH),로션,,,
2325,해피 키즈 촉촉한 바디 워시,해피바스(HAPPYBATH),워시,,,
2326,해피 키즈 촉촉한 샴푸,해피바스(HAPPYBATH),헤어케어,,,
2327,아기샘 샴푸&바디워시,해피투,워시,,,
2328,브로드 스펙트럼 포 베이비,햄튼선(HAMPTONSUN),선케어,,,
2329,베이비 더스트 클린 워시,허그(Hug),워시,,,
2330,베이비 마일드 포밍 샴푸,허그(hug),워시,,,
2331,베이비 모이스춰 로션,허그(Hug),로션,,,
2332,베이비 센스티브 선크림,허그(Hug),선케어,,,
2333,베이비 수딩 선로션,허그(Hug),선케어,,,
2334,베이비 수딩 클렌징 워터,허그(Hug),워시,,,
2335,베이비 알로에 100 수딩 젤,허그(Hug),크림,,,
2336,베이비 인텐스 크림,허그(Hug),크림,,,
2337,프레스티지 베베 올인원 로션,헤베니케(HEBENIKE),로션,,,
2338,친구랑 조이 앤 버블 모이스처 클렌징 솝,헬렌박(HelenPark),워시,,,
2339,친구랑 조이 엔 플레이 모이스처 크림,헬렌박(HelenPark),크림,,,
2340,포포 베이비 샴푸&바디 워시,헬시케어(HealthyCare),워시,,,
2341,스윗 바이올렛 베이비 로션,헬씨타임즈(HealthyTimes),로션,,,
2342,슬리피 타임 베이비로션,헬씨타임즈(HealthyTimes),로션,,,
2343,팬지 플라워 베이비 샴푸,헬씨타임즈(HealthyTimes),헤어케어,,,
2344,허니써클 베이비 바스,헬씨타임즈(HealthyTimes),워시,,,
2345,프리미엄 크림,호프스릴리프(HOPE'SRelief),크림,,,
2346,내츄럴 베이비 선크림,호호에미(HOHOEMI),선케어,,,
2347,네츄럴 모이스트 베이비 크림,호호에미(HOHOEMI),크림,,,
2348,네츄럴 베이비 수딩 젤,호호에미(HOHOEMI),크림,,,
2349,리퀴드 솝[베이비&민감성],호호에미(HOHOEMI),워시,,,
2350,베이비 로션,호호에미(HOHOEMI),로션,,,
2351,베이비 솝,호호에미(HOHOEMI),워시,,,
2352,베이비 수딩 젤,호호에미(HOHOEMI),크림,,,
2353,베이비 오일,호호에미(HOHOEMI),오일,,,
2354,베이비 헤어&바디 클렌저,호호에미(HOHOEMI),워시,,,
2355,Baby Wipes[scented],,물티슈,,,
2356,유기농 당근 발효 베이비&키즈 간편 클렌져,화미사(WHAMISA),워시,,,
2357,유기농 당근 발효 베이비&키즈 로션,화미사(WHAMISA),로션,,,
2358,유기농 당근 발효 베이비&키즈 바디 클렌져,화미사(WHAMISA),워시,,,
2359,유기농 당근 발효 베이비&키즈 샴푸,화미사(WHAMISA),헤어케어,,,
2360,유기농 당근 발효 베이비&키즈 선 크림,화미사(WHAMISA),선케어,,,
2361,유기농 당근 발효 베이비&키즈 선 크림[SPF50],화미사(WHAMISA),선케어,,,
2362,유기농 당근 발효 베이비&키즈 파우더 로션,화미사(WHAMISA),로션,,,
2363,유기농 당근 발효 유아 오일 밤,화미사(WHAMISA),크림,,,
2364,유기농 당근발효 베이비&키즈 썬팩트,화미사(WHAMISA),선케어,,,
2365,유기농 당근발효 베이비&키즈 엄마손 에센스,화미사(WHAMISA),로션,,,
2366,유기농 알로에 발효 유아 로션,화미사(WHAMISA),로션,,,
2367,유기농 알로에 발효 유아 선크림,화미사(WHAMISA),선케어,,,
2368,유기농 알로에 발효 유아 수딩 밤,화미사(WHAMISA),크림,,,
2369,유기농 알로에 발효 유아 파우더,화미사(WHAMISA),파우더,,,
2370,유기농 알로에 발효 유아 헤어&바디 클렌저,화미사(WHAMISA),워시,,,
2371,유기농 유아 로션,화미사(WHAMISA),로션,,,
2372,유기농 유아 헤어 & 바디 클렌저,화미사(WHAMISA),로션,,,
2373,키즈 선크림,휠라(FILA),선케어,,,
2374,캐모마일&바닐라 베이비 샴푸 앤 바디 워시,휴고내츄럴스(HUGONATURALS),워시,,,
2375,너리싱 베이비 오일,히말라야(Himalaya),오일,,,
2376,베이비 로션,히말랄야(Himalaya),로션,,,
2377,베이비 크림,히말라야(Himalaya),크림,,,
2378,젠틀 베이비 바스,히말라야(Himalaya),워시,,,
2379,젠틀 베이비 샴푸,히말라야(Himalaya),헤어케어,,,
2380,피카부 베이비밤,힐조(HEALJO),크림,,,
2381,Babysanft Sonnenmilch Ultra Sensitive(베이비 선 로션),힙(HiPP),선케어,,,
2382,Babysanft Waschschaum Sensitive,힙(Hipp),워시,,,
2383,밀크 로션 센서티브,힙(Hipp),로션,,,
2384,베이비 샴푸,힙(HiPP),헤어케어,,,